sr,hr,skr,val
1.0,1.0,2.89,0.07165889665889665
1.0,1.0,9.53,0.08681041181041182
1.0,16.74,6.21,0.07362399505256648
1.0,16.74,7.63,0.10037878787878787
1.0,16.74,8.58,0.0858946608946609
1.0,32.47,6.68,0.04664502164502165
1.0,32.47,9.53,0.09878787878787879
1.0,48.21,1.95,0.07513320013320013
1.0,48.21,2.89,0.08936896436896435
1.0,48.21,3.37,0.06490453990453991
1.0,48.21,3.84,0.0852713952713953
1.0,48.21,4.32,0.044968364968364975
1.0,48.21,9.53,0.0787878787878788
1.0,63.95,2.42,0.09435088720803007
1.0,63.95,2.89,0.11462870462870463
1.0,63.95,7.16,0.0687878787878788
1.0,95.42,2.89,0.11432567432567431
1.0,95.42,5.74,0.06628787878787878
1.0,95.42,6.68,0.08727272727272728
1.0,111.16,2.42,0.0970291613148756
1.0,111.16,2.89,0.07835220335220335
1.0,111.16,6.21,0.0983016983016983
1.0,126.89,3.84,0.08780267351695922
1.0,126.89,9.53,0.08114219114219114
1.0,126.89,10.0,0.07398989898989898
1.0,158.37,2.89,0.08647130647130645
1.0,158.37,8.11,0.07181818181818182
1.0,174.11,1.0,0.09325452325452327
1.0,174.11,10.0,0.07525252525252525
1.0,189.84,5.26,0.050915750915750915
1.0,189.84,9.53,0.08518518518518518
1.0,205.58,5.26,0.08978105228105228
1.0,205.58,7.63,0.09025141525141527
1.0,205.58,9.53,0.06213693713693714
1.0,221.32,1.47,0.12828282828282825
1.0,221.32,4.32,0.09386327957756528
1.0,221.32,8.11,0.07484848484848486
1.0,221.32,10.0,0.07181818181818182
1.0,237.05,1.0,0.09841917341917343
1.0,237.05,3.84,0.08980463980463979
1.0,237.05,4.32,0.09466565180850894
1.0,237.05,9.05,0.04426129426129426
1.0,252.79,2.42,0.10652033152033152
1.0,252.79,9.53,0.10365523365523366
1.0,252.79,10.0,0.08713693713693715
1.0,268.53,1.95,0.11055056055056055
1.0,268.53,4.32,0.10908628408628408
1.0,268.53,5.74,0.07574277574277574
1.0,268.53,10.0,0.0779355565069851
1.0,284.26,1.95,0.10818181818181816
1.0,284.26,8.11,0.09293484293484293
1.0,300.0,1.47,0.09878058449487022
1.47,1.0,2.42,0.0706483992198278
1.47,1.0,3.37,0.08226495726495726
1.47,16.74,5.26,0.07570762570762571
1.47,16.74,6.68,0.08428515928515928
1.47,32.47,1.95,0.08366395509252653
1.47,48.21,1.47,0.10951714951714953
1.47,48.21,4.32,0.10091575091575092
1.47,48.21,6.68,0.073989898989899
1.47,48.21,9.53,0.07362399505256648
1.47,63.95,1.95,0.12853146853146852
1.47,63.95,6.21,0.08527139527139527
1.47,63.95,8.58,0.05505050505050505
1.47,63.95,9.05,0.10114219114219117
1.47,79.68,5.74,0.05878787878787879
1.47,95.42,1.95,0.1345959595959596
1.47,95.42,2.42,0.0942124542124542
1.47,95.42,4.79,0.10311355311355312
1.47,95.42,10.0,0.08772616272616274
1.47,111.16,7.63,0.08646353646353645
1.47,126.89,3.37,0.09693972693972694
1.47,126.89,4.32,0.0933495076352219
1.47,126.89,8.58,0.07525252525252525
1.47,142.63,1.47,0.09696969696969698
1.47,142.63,5.26,0.12070013320013319
1.47,142.63,8.11,0.07485514485514486
1.47,158.37,1.95,0.09533522033522034
1.47,158.37,2.42,0.08459133459133457
1.47,189.84,3.37,0.10690235690235689
1.47,189.84,4.79,0.09494553065981637
1.47,189.84,7.16,0.09242979242979243
1.47,205.58,6.21,0.09837828837828837
1.47,205.58,6.68,0.061818181818181814
1.47,205.58,8.11,0.06995504495504495
1.47,205.58,10.0,0.058484848484848494
1.47,221.32,5.26,0.09573046001617429
1.47,237.05,6.68,0.08593549307835022
1.47,237.05,7.16,0.08780267351695922
1.47,237.05,7.63,0.07491119991119992
1.47,252.79,2.89,0.08481333481333482
1.47,252.79,4.32,0.08707736707736707
1.47,252.79,6.21,0.09637584637584636
1.47,252.79,8.11,0.08563817135245706
1.47,252.79,8.58,0.12083333333333332
1.47,268.53,1.95,0.08933843933843934
1.47,268.53,2.42,0.0990953490953491
1.47,268.53,8.58,0.07425074925074925
1.47,284.26,6.21,0.07272727272727272
1.47,284.26,8.11,0.09356893106893108
1.47,300.0,2.42,0.09749932607075464
1.47,300.0,9.05,0.08406831263974121
1.95,1.0,7.16,0.058484848484848494
1.95,16.74,6.68,0.07196969696969698
1.95,48.21,3.84,0.07676767676767676
1.95,63.95,4.32,0.0815803244374673
1.95,63.95,5.26,0.08409645909645909
1.95,79.68,1.0,0.08731934731934732
1.95,79.68,2.89,0.0773115773115773
1.95,79.68,8.11,0.07519385376528234
1.95,95.42,3.37,0.09267676767676768
1.95,95.42,4.79,0.0684848484848485
1.95,111.16,3.37,0.08027805527805527
1.95,111.16,5.26,0.08793825222396652
1.95,111.16,7.16,0.08727272727272728
1.95,111.16,8.11,0.07527139527139529
1.95,111.16,8.58,0.04939227439227439
1.95,111.16,10.0,0.07527139527139527
1.95,142.63,1.0,0.10387205387205388
1.95,142.63,3.37,0.07512154512154512
1.95,142.63,9.53,0.06951381951381952
1.95,142.63,10.0,0.07627610484753342
1.95,158.37,8.11,0.04527694527694528
1.95,174.11,6.21,0.09116161616161615
1.95,174.11,9.05,0.07814328528614244
1.95,205.58,1.47,0.09242424242424244
1.95,205.58,4.79,0.0970291613148756
1.95,205.58,5.26,0.0775946275946276
1.95,205.58,7.63,0.09350371850371848
1.95,237.05,1.95,0.09864468864468864
1.95,237.05,7.16,0.10344655344655344
1.95,252.79,3.84,0.12878787878787878
1.95,252.79,6.68,0.06501831501831502
1.95,252.79,8.58,0.08434343434343433
1.95,268.53,1.95,0.0967171717171717
1.95,268.53,2.42,0.08999703999704
1.95,268.53,3.84,0.10942760942760943
1.95,268.53,6.21,0.09252830502830503
1.95,284.26,1.0,0.08217338217338216
1.95,284.26,5.74,0.11203241203241203
1.95,284.26,6.21,0.07835220335220335
1.95,284.26,9.53,0.08563817135245706
1.95,284.26,10.0,0.03812437562437562
1.95,300.0,8.58,0.08686868686868687
2.42,1.0,2.89,0.05717060717060718
2.42,1.0,3.37,0.07484737484737486
2.42,1.0,5.26,0.10037878787878787
2.42,16.74,2.42,0.07068209568209569
2.42,16.74,2.89,0.07408543837115265
2.42,32.47,5.26,0.10296037296037297
2.42,48.21,3.37,0.07169219669219669
2.42,48.21,4.32,0.05118215118215118
2.42,48.21,7.16,0.06307303807303806
2.42,63.95,1.47,0.10120990120990118
2.42,63.95,8.58,0.08489177489177491
2.42,79.68,1.95,0.10011100011100012
2.42,79.68,7.16,0.06364191364191364
2.42,79.68,9.05,0.04386946386946387
2.42,111.16,4.32,0.0940535654821369
2.42,111.16,9.05,0.05496836496836497
2.42,111.16,9.53,0.08318070818070818
2.42,126.89,2.42,0.10846613703756561
2.42,126.89,4.32,0.05488677988677989
2.42,126.89,10.0,0.07105949605949607
2.42,142.63,10.0,0.088988788988789
2.42,158.37,5.26,0.09543313829028113
2.42,158.37,9.05,0.05213952713952714
2.42,174.11,1.47,0.10521938379081237
2.42,174.11,2.89,0.08650701150701151
2.42,174.11,8.11,0.05351315351315352
2.42,189.84,3.84,0.09461649461649461
2.42,189.84,7.63,0.10787878787878787
2.42,189.84,9.05,0.07826506826506827
2.42,221.32,6.21,0.09702916131487559
2.42,221.32,7.63,0.13016983016983016
2.42,221.32,9.53,0.07765900765900766
2.42,237.05,2.89,0.11028733171590313
2.42,252.79,4.32,0.0892949642949643
2.42,252.79,4.79,0.1112151737151737
2.42,252.79,5.74,0.09653402153402152
2.42,252.79,10.0,0.09350371850371848
2.42,268.53,1.47,0.09785029785029785
2.42,268.53,2.42,0.11959595959595959
2.42,268.53,5.74,0.07606060606060606
2.42,268.53,7.16,0.09494553065981637
2.42,284.26,5.74,0.08112998112998111
2.42,284.26,7.63,0.09494553065981635
2.42,300.0,6.21,0.08826506826506826
2.89,1.0,1.0,0.09053724053724055
2.89,1.0,4.32,0.06868686868686869
2.89,1.0,9.05,0.06307303807303809
2.89,16.74,2.42,0.07260794760794761
2.89,32.47,1.47,0.12295149295149292
2.89,32.47,4.79,0.07914466485895057
2.89,32.47,5.74,0.06307303807303809
2.89,48.21,2.89,0.10347985347985346
2.89,48.21,5.74,0.07566877566877567
2.89,48.21,6.21,0.06641969141969141
2.89,63.95,9.05,0.07492269635126779
2.89,79.68,1.0,0.10189070189070189
2.89,79.68,1.47,0.13333333333333333
2.89,79.68,3.84,0.09297131439988582
2.89,79.68,4.32,0.09080681223538367
2.89,79.68,5.26,0.08118215118215118
2.89,79.68,8.11,0.04848484848484849
2.89,79.68,8.58,0.07440892440892441
2.89,95.42,5.74,0.09300033300033302
2.89,95.42,8.58,0.073989898989899
2.89,95.42,9.05,0.07061272061272061
2.89,111.16,3.84,0.09851814851814852
2.89,111.16,10.0,0.07597878312164026
2.89,126.89,7.63,0.05488677988677989
2.89,126.89,9.05,0.09082029082029082
2.89,142.63,3.84,0.07993117993117993
2.89,158.37,8.58,0.06891441891441892
2.89,158.37,9.53,0.08636363636363635
2.89,174.11,1.0,0.09683002183002182
2.89,174.11,8.58,0.1182858807858808
2.89,189.84,1.47,0.05697219447219447
2.89,205.58,1.95,0.13361453361453363
2.89,205.58,4.32,0.08239260739260738
2.89,205.58,8.58,0.0890205033062176
2.89,221.32,2.42,0.12327117327117326
2.89,221.32,5.74,0.0978140906712335
2.89,237.05,2.42,0.058712121212121215
2.89,252.79,3.37,0.14015151515151517
2.89,252.79,6.68,0.04314435564435565
2.89,252.79,8.11,0.10436230436230436
2.89,268.53,2.89,0.11771561771561771
2.89,268.53,4.79,0.0814851814851815
2.89,284.26,9.05,0.09386327957756528
2.89,300.0,2.42,0.1034809634809635
3.37,1.0,1.95,0.06765179265179266
3.37,1.0,7.63,0.07700632700632701
3.37,16.74,3.84,0.0685037185037185
3.37,16.74,5.26,0.08587745587745588
3.37,16.74,7.63,0.07702020202020203
3.37,16.74,9.05,0.06307303807303806
3.37,32.47,1.0,0.07687867687867686
3.37,48.21,3.37,0.09878787878787879
3.37,48.21,3.84,0.08027306027306028
3.37,48.21,5.26,0.06951381951381952
3.37,48.21,7.16,0.08484848484848484
3.37,63.95,1.47,0.10492285492285491
3.37,63.95,5.74,0.09363636363636363
3.37,63.95,6.21,0.0799295942153085
3.37,79.68,5.26,0.10284715284715285
3.37,95.42,1.95,0.10181088752517323
3.37,111.16,1.95,0.06923493173493174
3.37,111.16,8.11,0.0603030303030303
3.37,111.16,8.58,0.0767637124779982
3.37,111.16,9.53,0.07597878312164028
3.37,126.89,4.32,0.1071095571095571
3.37,142.63,4.79,0.09721944721944722
3.37,158.37,4.32,0.11902430902430902
3.37,158.37,9.53,0.09391441891441892
3.37,174.11,6.21,0.07548007548007549
3.37,174.11,8.58,0.08872318158032444
3.37,174.11,10.0,0.11208374958374957
3.37,189.84,7.16,0.1088134088134088
3.37,189.84,9.05,0.08793825222396652
3.37,205.58,2.42,0.05707070707070707
3.37,205.58,7.16,0.09543313829028113
3.37,221.32,6.21,0.09911279196993483
3.37,221.32,7.16,0.07724775224775225
3.37,221.32,8.58,0.10515151515151513
3.37,221.32,10.0,0.08793825222396652
3.37,237.05,5.74,0.10654068154068154
3.37,252.79,1.95,0.10630163487306345
3.37,252.79,10.0,0.12311355311355313
3.37,268.53,3.84,0.0928993228993229
3.37,268.53,6.21,0.08674991674991675
3.37,268.53,8.11,0.06630036630036629
3.37,268.53,10.0,0.08989898989898988
3.37,284.26,5.26,0.08516021016021015
3.37,284.26,10.0,0.09132534132534131
3.37,300.0,1.0,0.08712953712953712
3.37,300.0,4.79,0.1021839271839272
3.37,300.0,6.68,0.09702916131487559
3.84,1.0,2.89,0.06951381951381952
3.84,1.0,3.84,0.06641969141969141
3.84,1.0,5.26,0.09924242424242426
3.84,16.74,7.63,0.06458818958818958
3.84,32.47,1.95,0.09034774749060462
3.84,32.47,3.37,0.08321400821400822
3.84,32.47,6.21,0.10091575091575092
3.84,32.47,8.11,0.0757076257076257
3.84,48.21,4.79,0.08457098457098457
3.84,48.21,5.26,0.08103563103563104
3.84,48.21,6.21,0.0715909090909091
3.84,63.95,4.32,0.08154068154068154
3.84,79.68,1.95,0.11843249343249342
3.84,79.68,7.63,0.07784596356024927
3.84,79.68,8.58,0.07784596356024928
3.84,95.42,2.42,0.11843249343249342
3.84,95.42,3.37,0.10783660783660783
3.84,111.16,5.74,0.08137196137196137
3.84,111.16,10.0,0.07008408258408258
3.84,126.89,8.11,0.08118215118215119
3.84,126.89,9.53,0.0767637124779982
3.84,142.63,4.32,0.10463346177631894
3.84,142.63,8.58,0.0815803244374673
3.84,158.37,1.0,0.07046287046287046
3.84,158.37,1.95,0.105011655011655
3.84,158.37,4.79,0.08176268176268175
3.84,158.37,8.11,0.09300033300033302
3.84,174.11,1.0,0.11939393939393941
3.84,174.11,5.74,0.09643451786308929
3.84,174.11,8.11,0.075985125985126
3.84,189.84,1.47,0.0758005883005883
3.84,189.84,8.58,0.09002188287902575
3.84,205.58,5.74,0.0853923853923854
3.84,205.58,7.63,0.09405356548213692
3.84,221.32,5.74,0.10871905871905872
3.84,237.05,4.79,0.06472000222000221
3.84,252.79,3.37,0.16583416583416585
3.84,252.79,6.68,0.11184371184371183
3.84,268.53,6.21,0.08002553002553002
3.84,284.26,2.89,0.18939393939393936
3.84,284.26,3.37,0.0917055167055167
3.84,300.0,5.74,0.10825285825285824
3.84,300.0,7.16,0.08693972693972696
3.84,300.0,9.53,0.11432567432567431
4.32,1.0,5.26,0.08242313242313243
4.32,16.74,2.89,0.07809095666238523
4.32,16.74,5.74,0.07939393939393939
4.32,32.47,2.89,0.09515151515151514
4.32,32.47,3.37,0.07730602730602731
4.32,32.47,3.84,0.07260794760794761
4.32,32.47,5.26,0.07595261880976166
4.32,32.47,7.63,0.07242424242424243
4.32,48.21,4.79,0.07501387501387502
4.32,79.68,4.32,0.0823390894819466
4.32,79.68,9.05,0.047166167166167165
4.32,79.68,9.53,0.06733544233544234
4.32,111.16,3.84,0.09619190333476048
4.32,111.16,9.53,0.08864191364191364
4.32,126.89,8.58,0.10875790875790874
4.32,126.89,9.05,0.08971583971583973
4.32,142.63,1.47,0.11445313945313945
4.32,142.63,2.42,0.10579658436801294
4.32,142.63,9.05,0.10572760572760573
4.32,158.37,7.16,0.08888888888888889
4.32,158.37,8.11,0.09002188287902575
4.32,158.37,10.0,0.0815803244374673
4.32,174.11,1.47,0.10661639947354233
4.32,174.11,5.26,0.11803196803196804
4.32,174.11,8.11,0.10265151515151516
4.32,174.11,8.58,0.06603063603063604
4.32,189.84,4.32,0.14205461205461206
4.32,205.58,1.47,0.10551670551670553
4.32,205.58,4.79,0.09135864135864136
4.32,205.58,5.74,0.09949494949494948
4.32,205.58,8.11,0.09405356548213692
4.32,221.32,6.68,0.0822982572982573
4.32,237.05,1.0,0.10771847200418627
4.32,237.05,1.95,0.11040404040404042
4.32,237.05,9.53,0.07015984015984016
4.32,252.79,2.89,0.11136958279815423
4.32,252.79,5.74,0.08060606060606061
4.32,268.53,1.47,0.10550798407941266
4.32,268.53,5.74,0.08245643245643246
4.32,268.53,6.21,0.08006438006438006
4.32,284.26,3.84,0.12045454545454547
4.32,284.26,4.79,0.10661639947354232
4.32,284.26,6.21,0.09087912087912087
4.32,284.26,9.05,0.10978021978021976
4.32,284.26,9.53,0.09393939393939393
4.32,284.26,10.0,0.09467199467199466
4.32,300.0,5.26,0.09011636511636512
4.79,1.0,6.21,0.05717060717060718
4.79,1.0,10.0,0.07700632700632701
4.79,16.74,1.0,0.07468087468087467
4.79,16.74,4.32,0.07997002997002997
4.79,16.74,5.74,0.08425463425463425
4.79,16.74,6.68,0.07484737484737485
4.79,32.47,3.37,0.0987803862803863
4.79,48.21,3.37,0.08333333333333331
4.79,48.21,3.84,0.12278554778554779
4.79,48.21,4.32,0.07875790875790875
4.79,48.21,6.21,0.08545454545454545
4.79,48.21,9.05,0.07257464757464759
4.79,48.21,9.53,0.07165889665889665
4.79,63.95,6.21,0.06390942390942392
4.79,63.95,6.68,0.10148518148518149
4.79,79.68,1.0,0.09363636363636366
4.79,79.68,3.37,0.0925122496551068
4.79,79.68,5.74,0.08525997811712095
4.79,95.42,2.42,0.09333111333111332
4.79,95.42,4.79,0.12979797979797977
4.79,111.16,3.37,0.11658064158064158
4.79,111.16,5.74,0.07756410256410255
4.79,126.89,1.95,0.1053030303030303
4.79,126.89,2.42,0.1131294631294631
4.79,126.89,6.21,0.09015151515151515
4.79,142.63,2.42,0.1054992626421198
4.79,142.63,3.37,0.10420875420875421
4.79,142.63,4.79,0.10194139194139193
4.79,158.37,3.37,0.10816009387437957
4.79,158.37,6.68,0.09125874125874125
4.79,158.37,8.11,0.10409923409923409
4.79,174.11,5.26,0.10463346177631892
4.79,174.11,6.68,0.09483849483849484
4.79,174.11,7.16,0.10846653346653347
4.79,189.84,1.95,0.10029137529137529
4.79,189.84,3.37,0.1087547373261659
4.79,189.84,6.21,0.1014675800390086
4.79,189.84,6.68,0.09721944721944721
4.79,205.58,4.32,0.11745291745291746
4.79,205.58,5.74,0.12115662115662118
4.79,221.32,1.0,0.12961815961815962
4.79,237.05,1.0,0.11727272727272728
4.79,237.05,3.84,0.093998223998224
4.79,252.79,7.63,0.11875790875790875
4.79,268.53,4.79,0.10584693084693086
4.79,268.53,6.21,0.11636363636363636
4.79,268.53,7.16,0.12474747474747476
4.79,284.26,4.79,0.106986531986532
4.79,284.26,5.74,0.10738388595531452
4.79,284.26,8.11,0.11310633810633812
4.79,300.0,2.89,0.10029137529137529
4.79,300.0,9.53,0.09673183958898245
5.26,1.0,1.0,0.08432567432567432
5.26,16.74,1.95,0.08590060732917874
5.26,32.47,6.68,0.0685037185037185
5.26,32.47,7.16,0.04970362970362971
5.26,32.47,9.53,0.07779125636268494
5.26,48.21,1.0,0.10209076637648065
5.26,48.21,5.74,0.07724275724275725
5.26,48.21,10.0,0.07708957708957709
5.26,63.95,8.58,0.07281052281052282
5.26,79.68,3.37,0.11036186036186035
5.26,79.68,3.84,0.09969197469197467
5.26,79.68,8.58,0.091988566988567
5.26,126.89,2.89,0.1198967698967699
5.26,142.63,8.11,0.09988067488067487
5.26,142.63,9.53,0.06603063603063604
5.26,142.63,10.0,0.125
5.26,158.37,9.53,0.09063159063159064
5.26,174.11,3.37,0.11161616161616161
5.26,174.11,8.58,0.08409923409923412
5.26,189.84,5.74,0.10463346177631894
5.26,189.84,9.05,0.10712953712953714
5.26,205.58,2.89,0.10176767676767677
5.26,221.32,2.42,0.10155400155400157
5.26,221.32,9.05,0.09297131439988582
5.26,237.05,4.32,0.1074074074074074
5.26,237.05,7.16,0.10710955710955711
5.26,237.05,10.0,0.10720390720390721
5.26,252.79,1.47,0.10213305213305214
5.26,268.53,1.95,0.0981028231028231
5.26,268.53,3.84,0.08909090909090908
5.26,284.26,1.95,0.08522403522403522
5.26,284.26,4.32,0.0906060606060606
5.26,284.26,9.05,0.1125
5.26,284.26,9.53,0.08390942390942392
5.26,284.26,10.0,0.11007603507603507
5.26,300.0,3.37,0.13542707292707293
5.74,1.0,7.63,0.0706043956043956
5.74,16.74,3.84,0.10216783216783218
5.74,32.47,2.42,0.09374752231895088
5.74,32.47,5.74,0.07487036772751057
5.74,32.47,6.68,0.05991785991785992
5.74,48.21,3.84,0.0852980352980353
5.74,48.21,4.79,0.10409923409923412
5.74,48.21,6.21,0.06083361083361083
5.74,63.95,1.0,0.09966144966144967
5.74,63.95,4.79,0.09004662004662005
5.74,63.95,8.11,0.07465391751106036
5.74,79.68,1.0,0.09970981399552827
5.74,79.68,1.95,0.11615976615976616
5.74,79.68,4.32,0.08877788877788877
5.74,79.68,8.58,0.08101184529755959
5.74,79.68,10.0,0.07212121212121211
5.74,95.42,1.95,0.11134559884559883
5.74,95.42,3.37,0.09618318189746762
5.74,95.42,4.79,0.09497169497169497
5.74,111.16,5.26,0.08293095793095794
5.74,111.16,5.74,0.07974247974247974
5.74,142.63,9.53,0.1025002775002775
5.74,142.63,10.0,0.09416694416694417
5.74,158.37,3.37,0.06405039405039406
5.74,158.37,7.63,0.09982101232101231
5.74,158.37,8.11,0.09297131439988582
5.74,174.11,3.84,0.11406556406556408
5.74,174.11,4.32,0.06627261627261627
5.74,174.11,6.68,0.08135198135198135
5.74,174.11,7.16,0.11125874125874127
5.74,205.58,1.0,0.09850070564356277
5.74,205.58,9.05,0.08500832500832502
5.74,205.58,9.53,0.08137196137196137
5.74,205.58,10.0,0.08927461427461429
5.74,221.32,6.68,0.11272893772893773
5.74,221.32,9.53,0.09792707292707292
5.74,221.32,10.0,0.09188906331763476
5.74,237.05,1.47,0.10420875420875424
5.74,237.05,6.21,0.10601303458446316
5.74,237.05,8.11,0.08610722610722613
5.74,252.79,1.47,0.08515151515151516
5.74,252.79,6.21,0.1183788433788434
5.74,252.79,7.16,0.1025498311212597
5.74,252.79,9.53,0.07690087690087691
5.74,268.53,1.47,0.07668886668886668
5.74,268.53,2.89,0.1065989565989566
5.74,268.53,3.37,0.105011655011655
5.74,268.53,7.63,0.0974067599067599
5.74,284.26,3.37,0.10501165501165502
5.74,300.0,1.0,0.11686868686868686
5.74,300.0,1.95,0.10421800421800421
5.74,300.0,5.26,0.14316572316572318
6.21,32.47,9.53,0.07779125636268493
6.21,48.21,3.84,0.05746475746475747
6.21,48.21,4.79,0.0703990453990454
6.21,48.21,7.63,0.08103563103563104
6.21,79.68,8.58,0.09724275724275724
6.21,95.42,2.42,0.11338198838198837
6.21,95.42,3.37,0.09369519369519369
6.21,111.16,3.37,0.11186683686683686
6.21,111.16,5.26,0.09359450073735788
6.21,111.16,9.53,0.06951381951381952
6.21,142.63,1.47,0.10396455396455397
6.21,142.63,5.26,0.10783660783660785
6.21,142.63,6.21,0.11387279387279388
6.21,142.63,9.53,0.0993939393939394
6.21,158.37,1.0,0.11484848484848487
6.21,158.37,3.84,0.10934158434158432
6.21,158.37,5.74,0.08436563436563438
6.21,158.37,6.68,0.09778792635935495
6.21,174.11,10.0,0.05228105228105229
6.21,189.84,1.0,0.11557775557775556
6.21,189.84,1.47,0.12782680282680284
6.21,189.84,7.16,0.11762237762237762
6.21,221.32,4.32,0.0852138602138602
6.21,221.32,7.16,0.10333476047761762
6.21,237.05,1.0,0.10772977022977023
6.21,237.05,6.21,0.06406260406260407
6.21,237.05,8.58,0.12613636363636363
6.21,252.79,2.42,0.10873348873348873
6.21,252.79,6.21,0.10545454545454544
6.21,252.79,8.11,0.139024309024309
6.21,268.53,8.11,0.11641025641025642
6.21,284.26,2.89,0.09811299811299812
6.21,284.26,3.84,0.09845987345987346
6.21,284.26,8.11,0.14356060606060608
6.21,300.0,1.95,0.13680069930069932
6.21,300.0,6.68,0.10687883545026403
6.21,300.0,9.53,0.11379620379620378
6.68,1.0,2.42,0.061496836496836495
6.68,1.0,4.32,0.09561438561438562
6.68,1.0,6.21,0.06407402121687836
6.68,1.0,6.68,0.07121687835973549
6.68,1.0,8.11,0.07484737484737486
6.68,1.0,9.53,0.0706483992198278
6.68,16.74,6.21,0.0601010101010101
6.68,32.47,2.42,0.09447311947311947
6.68,32.47,3.84,0.10196470196470196
6.68,32.47,6.21,0.06212121212121212
6.68,32.47,7.16,0.08090909090909092
6.68,32.47,8.11,0.08172938172938173
6.68,32.47,9.05,0.08333888333888334
6.68,32.47,10.0,0.07779125636268493
6.68,48.21,3.37,0.09345654345654346
6.68,48.21,3.84,0.07969696969696968
6.68,79.68,6.21,0.06848484848484848
6.68,79.68,7.16,0.06765179265179265
6.68,79.68,9.53,0.07465391751106036
6.68,95.42,1.47,0.12188367188367187
6.68,95.42,10.0,0.08845321345321346
6.68,111.16,1.95,0.10513708513708513
6.68,111.16,4.79,0.08293095793095795
6.68,111.16,8.58,0.09212121212121213
6.68,142.63,2.89,0.11278258778258776
6.68,158.37,7.16,0.15
6.68,158.37,7.63,0.0761072261072261
6.68,158.37,9.05,0.08927461427461426
6.68,174.11,2.89,0.10799478299478299
6.68,174.11,6.68,0.10387279387279387
6.68,174.11,7.16,0.09612887112887114
6.68,174.11,8.58,0.10332167832167832
6.68,189.84,3.84,0.10162615162615163
6.68,205.58,1.47,0.1093939393939394
6.68,205.58,4.32,0.11102009102009103
6.68,205.58,4.79,0.10445443445443445
6.68,221.32,2.89,0.10658151372437087
6.68,221.32,9.05,0.09483849483849482
6.68,237.05,1.47,0.12873237873237875
6.68,237.05,7.63,0.11146631146631147
6.68,237.05,8.58,0.0951981351981352
6.68,252.79,4.32,0.10291058148201006
6.68,252.79,5.26,0.10659023516166374
6.68,252.79,7.63,0.10463346177631892
6.68,268.53,5.26,0.09228456728456728
6.68,284.26,8.58,0.08989898989898991
6.68,284.26,9.53,0.09721944721944721
6.68,300.0,1.0,0.0941077441077441
6.68,300.0,2.42,0.10541236541236543
6.68,300.0,4.32,0.11303030303030304
6.68,300.0,6.68,0.11433843933843935
7.16,16.74,2.42,0.08782606282606283
7.16,16.74,3.37,0.10167499167499165
7.16,16.74,5.26,0.08561438561438561
7.16,32.47,1.95,0.07224072224072224
7.16,32.47,4.79,0.07803030303030302
7.16,48.21,1.47,0.1101998001998002
7.16,48.21,1.95,0.09335849335849335
7.16,48.21,6.68,0.07465391751106039
7.16,63.95,1.47,0.10597458097458097
7.16,63.95,5.74,0.08336663336663337
7.16,95.42,5.26,0.09007659007659007
7.16,95.42,6.21,0.07626262626262627
7.16,111.16,2.42,0.11371868871868872
7.16,111.16,2.89,0.0999175427746856
7.16,111.16,10.0,0.06390942390942392
7.16,126.89,2.89,0.12360972360972362
7.16,126.89,3.84,0.06780025530025528
7.16,126.89,9.05,0.07169219669219669
7.16,142.63,3.37,0.10151356579928007
7.16,142.63,3.84,0.11691734191734192
7.16,142.63,9.53,0.09542957042957044
7.16,158.37,3.84,0.10151356579928007
7.16,158.37,5.26,0.11288711288711288
7.16,158.37,8.58,0.10003885003885003
7.16,174.11,6.21,0.10531135531135531
7.16,205.58,4.79,0.11785344285344285
7.16,205.58,5.26,0.1287978687978688
7.16,205.58,8.11,0.1131701631701632
7.16,221.32,1.47,0.10341563198706057
7.16,221.32,2.42,0.10097495097495097
7.16,252.79,10.0,0.09483849483849484
7.16,268.53,2.89,0.09105672105672107
7.16,268.53,8.11,0.11954711954711957
7.16,284.26,7.16,0.11045621045621046
7.16,300.0,1.95,0.09002525252525254
7.63,1.0,1.47,0.0723063973063973
7.63,1.0,4.32,0.050378787878787884
7.63,16.74,9.53,0.0706483992198278
7.63,16.74,10.0,0.06868686868686869
7.63,32.47,1.47,0.09152699152699151
7.63,32.47,2.42,0.08791763791763792
7.63,32.47,2.89,0.09759777259777258
7.63,32.47,3.37,0.08201798201798202
7.63,32.47,6.21,0.0696969696969697
7.63,48.21,2.89,0.0921162171162171
7.63,48.21,3.84,0.08926549640835355
7.63,48.21,7.16,0.06390942390942392
7.63,63.95,3.37,0.11012321012321011
7.63,63.95,8.11,0.06772751058465346
7.63,79.68,3.84,0.10065906315906314
7.63,79.68,7.16,0.07703486989201276
7.63,111.16,2.89,0.09427609427609428
7.63,111.16,7.63,0.08626135768992914
7.63,126.89,4.32,0.08847633847633846
7.63,126.89,7.63,0.08333333333333333
7.63,142.63,3.37,0.10716366966366968
7.63,142.63,4.79,0.09223221223221223
7.63,142.63,5.74,0.11103230103230104
7.63,158.37,4.79,0.13575535575535574
7.63,158.37,6.68,0.09252691752691754
7.63,158.37,9.05,0.09894771894771895
7.63,174.11,6.68,0.09848484848484848
7.63,189.84,2.42,0.11483100233100235
7.63,189.84,3.37,0.12954545454545455
7.63,189.84,7.63,0.0948939948939949
7.63,189.84,8.11,0.0609015984015984
7.63,189.84,10.0,0.08126040626040626
7.63,205.58,1.0,0.10355121069406782
7.63,205.58,3.37,0.1180957930957931
7.63,205.58,5.26,0.10865642294213722
7.63,205.58,7.16,0.101010101010101
7.63,221.32,1.0,0.10634180634180633
7.63,221.32,1.47,0.12317682317682317
7.63,252.79,4.79,0.14196220446220448
7.63,252.79,6.68,0.07545454545454547
7.63,252.79,8.58,0.09823232323232323
7.63,268.53,4.79,0.1183838383838384
7.63,268.53,7.16,0.113991563991564
7.63,268.53,9.53,0.09830169830169831
7.63,268.53,10.0,0.09524087024087023
7.63,284.26,1.0,0.10323010323010325
7.63,284.26,5.26,0.0476010101010101
7.63,284.26,5.74,0.10659023516166373
7.63,284.26,7.16,0.09470529470529471
7.63,284.26,8.11,0.1208097458097458
7.63,300.0,1.0,0.06989676989676989
7.63,300.0,7.16,0.11582584082584083
7.63,300.0,7.63,0.10896246610532323
7.63,300.0,10.0,0.08084693084693086
8.11,1.0,1.47,0.08373940873940873
8.11,16.74,6.21,0.07834165834165834
8.11,16.74,7.63,0.06212121212121213
8.11,16.74,9.05,0.06575646575646577
8.11,16.74,10.0,0.07939393939393939
8.11,32.47,9.53,0.062424242424242424
8.11,32.47,10.0,0.08425463425463425
8.11,48.21,4.32,0.08848056705199561
8.11,63.95,2.89,0.10751008251008248
8.11,63.95,6.21,0.08415156272299129
8.11,63.95,7.16,0.07260794760794761
8.11,79.68,5.74,0.08519813519813521
8.11,79.68,7.16,0.06390942390942392
8.11,79.68,8.11,0.07409923409923411
8.11,79.68,9.05,0.08242424242424243
8.11,111.16,1.0,0.09654393225821797
8.11,111.16,1.47,0.10130583702012272
8.11,111.16,9.53,0.08118215118215119
8.11,126.89,1.95,0.10849983349983348
8.11,126.89,5.26,0.08364635364635364
8.11,126.89,5.74,0.08201520701520702
8.11,142.63,2.42,0.1291774891774892
8.11,142.63,4.32,0.10424020424020423
8.11,158.37,1.0,0.07031302031302031
8.11,174.11,2.42,0.1472827172827173
8.11,174.11,6.21,0.09495781995781995
8.11,189.84,2.89,0.14767454767454768
8.11,189.84,4.32,0.10151356579928007
8.11,189.84,5.26,0.07929107929107927
8.11,189.84,6.21,0.11036186036186037
8.11,189.84,7.16,0.10414307914307915
8.11,205.58,4.79,0.10151356579928007
8.11,205.58,9.05,0.09675602175602176
8.11,221.32,1.0,0.11634846634846634
8.11,221.32,1.95,0.11848336848336849
8.11,221.32,6.21,0.12273559773559777
8.11,221.32,6.68,0.09091908091908092
8.11,221.32,9.05,0.09267676767676768
8.11,237.05,1.0,0.11282828282828283
8.11,237.05,4.79,0.10181088752517323
8.11,252.79,2.42,0.11212121212121212
8.11,252.79,2.89,0.10281662781662781
8.11,252.79,5.74,0.12007575757575759
8.11,252.79,7.63,0.10575757575757576
8.11,252.79,8.58,0.1182844932844933
8.11,252.79,10.0,0.1049825174825175
8.11,268.53,2.42,0.12080808080808081
8.11,268.53,3.37,0.12447885447885447
8.11,268.53,6.21,0.12239889739889741
8.11,268.53,9.53,0.07933177933177933
8.11,284.26,5.74,0.11677951677951677
8.11,300.0,2.89,0.10740132882990025
8.11,300.0,5.74,0.1076724862439148
8.11,300.0,8.58,0.10505050505050506
8.58,1.0,2.89,0.07652109794966937
8.58,1.0,3.84,0.08712953712953712
8.58,16.74,3.37,0.08243740386597528
8.58,16.74,3.84,0.07639582639582639
8.58,16.74,7.16,0.05030303030303031
8.58,32.47,2.89,0.06764161764161765
8.58,32.47,5.74,0.07809095666238523
8.58,32.47,9.53,0.06758796758796759
8.58,48.21,1.47,0.08782328782328781
8.58,48.21,1.95,0.09509220937792365
8.58,48.21,4.32,0.055577755577755586
8.58,48.21,6.21,0.09246309246309246
8.58,63.95,3.84,0.08922558922558921
8.58,63.95,8.58,0.07595261880976167
8.58,63.95,10.0,0.10303030303030303
8.58,79.68,1.47,0.12413919413919414
8.58,79.68,1.95,0.10455544455544455
8.58,79.68,4.32,0.08619528619528617
8.58,95.42,2.42,0.061010101010101
8.58,111.16,4.32,0.0974818831961689
8.58,111.16,5.74,0.09007659007659007
8.58,111.16,7.16,0.13745143745143742
8.58,126.89,4.79,0.11133533133533131
8.58,126.89,8.11,0.07907925407925408
8.58,142.63,1.95,0.08146945646945647
8.58,142.63,3.84,0.07869167869167869
8.58,142.63,8.11,0.05
8.58,158.37,5.74,0.09459588031016604
8.58,158.37,10.0,0.07633616383616385
8.58,174.11,1.95,0.09688367188367188
8.58,174.11,8.58,0.07720612720612721
8.58,189.84,2.42,0.12652347652347654
8.58,189.84,8.11,0.0928030303030303
8.58,205.58,3.84,0.07362193362193362
8.58,205.58,7.16,0.10531135531135531
8.58,205.58,7.63,0.10151515151515152
8.58,221.32,2.42,0.10765993265993266
8.58,221.32,7.63,0.11676934176934177
8.58,252.79,2.42,0.10642246642246642
8.58,252.79,7.16,0.09637362637362637
8.58,252.79,8.58,0.10463346177631892
8.58,268.53,2.89,0.1183991933991934
8.58,268.53,7.63,0.12425074925074925
8.58,268.53,8.58,0.1067979639408211
8.58,268.53,9.53,0.1092879342879343
8.58,284.26,1.47,0.10969863469863468
8.58,284.26,4.79,0.10579658436801294
8.58,284.26,9.05,0.10463346177631892
8.58,300.0,1.0,0.11951659451659451
9.05,1.0,7.16,0.0667261310118453
9.05,16.74,2.42,0.08539555682412825
9.05,16.74,7.63,0.07572760572760573
9.05,32.47,2.89,0.08759111259111259
9.05,48.21,1.0,0.0960824889396318
9.05,48.21,1.95,0.04848484848484849
9.05,48.21,2.42,0.08653198653198653
9.05,48.21,2.89,0.08757076257076257
9.05,48.21,8.11,0.08457098457098457
9.05,63.95,4.79,0.0876989676989677
9.05,79.68,4.32,0.08012321012321011
9.05,95.42,3.84,0.08815998815998816
9.05,95.42,7.16,0.0879120879120879
9.05,111.16,8.58,0.0837121212121212
9.05,126.89,1.95,0.10521700521700522
9.05,126.89,5.74,0.11963036963036962
9.05,142.63,3.84,0.10667388167388167
9.05,142.63,6.68,0.0875790875790876
9.05,158.37,3.37,0.09353535353535353
9.05,174.11,3.37,0.11081220366934652
9.05,174.11,8.58,0.06575924075924076
9.05,189.84,5.26,0.100431314717029
9.05,205.58,3.37,0.11002727431298857
9.05,205.58,8.58,0.11660006660006661
9.05,221.32,3.84,0.11002727431298862
9.05,237.05,5.74,0.08424020424020424
9.05,252.79,5.74,0.1187978687978688
9.05,252.79,10.0,0.10802530802530802
9.05,268.53,1.47,0.08484848484848487
9.05,268.53,2.42,0.11064808207665348
9.05,268.53,4.79,0.12275502275502276
9.05,284.26,7.16,0.0887978687978688
9.05,300.0,1.47,0.07850704850704851
9.05,300.0,2.42,0.12747992747992748
9.05,300.0,6.21,0.10549054120482691
9.53,1.0,2.42,0.07371961371961372
9.53,1.0,9.05,0.05985680985680986
9.53,16.74,3.37,0.06439393939393939
9.53,32.47,2.42,0.07132497132497133
9.53,32.47,3.37,0.08782606282606283
9.53,32.47,3.84,0.1051093351093351
9.53,32.47,9.53,0.07027306027306028
9.53,48.21,1.0,0.10426795426795425
9.53,48.21,8.11,0.08674936174936175
9.53,48.21,10.0,0.07649017649017649
9.53,63.95,1.47,0.1027861027861028
9.53,63.95,2.89,0.10699485699485699
9.53,63.95,3.37,0.08204240204240203
9.53,63.95,3.84,0.07942834942834942
9.53,63.95,5.26,0.08308080808080809
9.53,79.68,3.84,0.11003533503533502
9.53,79.68,9.05,0.07595261880976167
9.53,79.68,9.53,0.08103563103563104
9.53,95.42,5.74,0.0702020202020202
9.53,95.42,9.05,0.07781979924837068
9.53,95.42,10.0,0.06762404262404263
9.53,111.16,2.89,0.10033300033300034
9.53,111.16,5.74,0.08144855144855145
9.53,111.16,8.11,0.06266511266511267
9.53,111.16,10.0,0.06397768897768898
9.53,126.89,3.84,0.07979797979797978
9.53,142.63,2.89,0.1079106079106079
9.53,142.63,10.0,0.08417772703486989
9.53,158.37,1.95,0.10079206507777937
9.53,158.37,3.84,0.10200117342974487
9.53,158.37,6.21,0.10121212121212123
9.53,158.37,8.11,0.09934509934509933
9.53,158.37,10.0,0.07664835164835164
9.53,174.11,2.42,0.0812950937950938
9.53,174.11,2.89,0.10972995258709543
9.53,174.11,3.37,0.08623737373737372
9.53,174.11,6.21,0.1253912753912754
9.53,174.11,9.05,0.08233908948194661
9.53,189.84,1.95,0.11751674251674253
9.53,205.58,1.95,0.105994930994931
9.53,205.58,3.84,0.11159713302570447
9.53,205.58,5.74,0.09865134865134866
9.53,205.58,9.53,0.07226523476523476
9.53,237.05,4.79,0.1037018537018537
9.53,237.05,8.58,0.05891108891108891
9.53,252.79,2.89,0.10876345876345876
9.53,268.53,5.74,0.09251674251674252
9.53,268.53,8.11,0.14734848484848484
9.53,284.26,1.47,0.10389055389055389
9.53,284.26,5.26,0.12063122063122063
9.53,284.26,8.58,0.10406260406260408
9.53,284.26,9.05,0.08030303030303032
9.53,300.0,8.58,0.11954711954711957
10.0,1.0,1.47,0.0737196137196137
10.0,1.0,2.89,0.07075781361495648
10.0,1.0,8.11,0.06594120165548736
10.0,16.74,1.95,0.05004662004662005
10.0,16.74,5.26,0.0640992340992341
10.0,16.74,6.68,0.10133616383616384
10.0,16.74,10.0,0.06607281607281607
10.0,32.47,1.0,0.09474599474599475
10.0,32.47,7.63,0.08561438561438561
10.0,32.47,8.11,0.07465391751106036
10.0,32.47,9.05,0.06916694416694417
10.0,48.21,3.84,0.09591202448345304
10.0,48.21,8.11,0.08674936174936176
10.0,48.21,9.53,0.06916694416694417
10.0,63.95,1.0,0.061088911088911096
10.0,63.95,1.95,0.09479779479779478
10.0,63.95,5.74,0.09590409590409589
10.0,63.95,6.68,0.0792929292929293
10.0,63.95,7.16,0.09565157065157065
10.0,95.42,1.0,0.09282701425558568
10.0,95.42,2.89,0.07467162467162468
10.0,95.42,5.74,0.0895628181342467
10.0,95.42,6.21,0.0869075369075369
10.0,95.42,10.0,0.08952713952713953
10.0,111.16,9.05,0.07681841967556254
10.0,111.16,9.53,0.0841777270348699
10.0,126.89,1.0,0.08283827283827284
10.0,126.89,1.47,0.030808080808080812
10.0,126.89,6.68,0.08842268842268841
10.0,142.63,2.42,0.08021700521700521
10.0,142.63,6.68,0.08560606060606059
10.0,158.37,3.84,0.10120990120990118
10.0,174.11,2.42,0.08503607503607503
10.0,174.11,9.05,0.05929625929625931
10.0,174.11,10.0,0.0868131868131868
10.0,189.84,1.95,0.09994370708656423
10.0,189.84,3.37,0.09059163059163058
10.0,189.84,4.32,0.07482184482184483
10.0,205.58,1.47,0.10339818911247482
10.0,205.58,5.74,0.09216986716986715
10.0,221.32,3.37,0.05336700336700336
10.0,221.32,4.79,0.09595774595774596
10.0,221.32,7.63,0.07000999000999
10.0,221.32,10.0,0.08458446315589173
10.0,252.79,2.42,0.10557405557405557
10.0,252.79,3.37,0.1099747474747475
10.0,284.26,3.84,0.1214933214933215
10.0,284.26,5.26,0.08174233174233174
10.0,284.26,7.63,0.10606893106893106
10.0,300.0,7.63,0.1464746364746365
10.0,300.0,8.11,0.11636363636363636
10.0,300.0,9.05,0.06464646464646466
