,label,x,y,lbl_id
m1065,plant,12.695223,-12.499082,31
m1066,plant,6.309508,-12.012825,31
m1067,plant,13.485727,-9.526779,31
m1068,plant,16.157469,-11.061955,31
m1069,plant,17.805164,-13.559924,31
m1070,plant,11.963275,-11.779592,31
m1071,plant,16.037628,-10.097453,31
m1072,plant,12.3767395,-9.882973,31
m1073,plant,15.877464,-10.837466,31
m1074,plant,15.931366,-10.882202,31
m1060,plant,13.279193,-7.8650994,31
m1061,plant,17.002853,-9.569898,31
m1062,plant,4.976957,5.444179,31
m1063,plant,14.705036,-11.068527,31
m1064,plant,12.646402,-12.603728,31
m1556,car,6.944614,-5.189256,7
m1557,car,-9.328922,4.2416596,7
m1558,car,-9.604721,-1.3590746,7
m1559,car,7.81696,-6.189295,7
m273,quadruped,-8.245355,-3.1968832,32
m461,building,16.118526,7.1821175,5
m462,building,8.318975,12.93477,5
m1057,plant,16.322983,-11.088279,31
m1058,plant,15.756675,-10.138383,31
m1059,plant,13.404538,-9.538436,31
m638,musical_instrument,-19.049889,12.120163,30
m639,musical_instrument,-8.844907,-1.7176431,30
m640,musical_instrument,-3.914095,-10.01004,30
m641,musical_instrument,-20.58013,-1.1360759,30
m0,arthropod,8.543338,-3.4829903,0
m1,arthropod,6.824806,-12.408026,0
m2,arthropod,4.946091,9.865268,0
m3,arthropod,13.0387125,-3.923919,0
m4,arthropod,0.34909874,11.827916,0
m1555,car,7.81023,-6.964232,7
m274,quadruped,7.6281123,3.4158561,32
m275,quadruped,-2.2405505,-6.731652,32
m276,quadruped,-10.266781,-7.403479,32
m729,handheld,-11.430139,-7.0065107,20
m730,handheld,-8.243928,-9.302983,20
m731,handheld,-18.539375,-0.19467726,20
m732,handheld,-9.939903,-8.62817,20
m458,building,2.9585226,0.98848796,5
m459,building,-16.652773,9.534881,5
m460,building,13.173068,9.986662,5
m1075,plant,2.6224244,12.401105,31
m1076,plant,-12.154891,-4.449265,31
m1077,plant,15.657347,-7.8681817,31
m1078,plant,1.3903059,11.508621,31
m944,bed,5.302476,0.3905448,2
m945,bed,12.7157345,8.108302,2
m946,bed,-14.808541,14.096594,2
m947,bed,12.339999,11.3293085,2
m948,bed,17.645151,9.448876,2
m949,bed,15.704728,9.772329,2
m950,bed,17.45871,9.732858,2
m951,bed,13.645441,10.307717,2
m5,arthropod,12.1636305,-7.3936095,0
m6,arthropod,13.377307,5.3029013,0
m7,arthropod,4.5849175,7.410618,0
m8,arthropod,5.3716617,9.996069,0
m774,seat,11.278229,9.934245,35
m775,seat,11.85087,-8.316464,35
m776,seat,0.7248639,-13.82231,35
m777,seat,0.21563923,-13.87979,35
m1475,cycle,-5.0924625,1.95207,11
m1476,cycle,2.0787325,-12.3025465,11
m1477,cycle,9.70159,-9.661277,11
m1478,cycle,9.377214,-9.655265,11
m1682,sign,6.498462,8.045527,38
m778,seat,8.907426,12.118847,35
m779,seat,3.5350204,-6.112397,35
m780,seat,12.637595,8.435037,35
m781,seat,10.09539,-5.760422,35
m782,seat,-9.856435,2.2716486,35
m1683,sign,5.99591,5.0416207,38
m1684,sign,-13.885298,5.1156607,38
m1685,sign,6.789026,7.862703,38
m1118,winged_vehicle,7.971529,-13.434796,52
m1119,winged_vehicle,-3.0236673,5.703596,52
m1120,winged_vehicle,12.998427,-8.65183,52
m1121,winged_vehicle,-3.913836,4.20949,52
m1122,winged_vehicle,4.7456946,8.5370655,52
m1123,winged_vehicle,-4.2936864,4.7375937,52
m1124,winged_vehicle,-3.8752003,5.766546,52
m783,seat,-19.227295,0.3749833,35
m784,seat,-19.252033,-3.7210665,35
m1472,cycle,0.8152089,10.681072,11
m1473,cycle,8.588939,-9.482473,11
m1474,cycle,9.323432,-9.80481,11
m1125,winged_vehicle,-2.1929107,7.5535636,52
m1126,winged_vehicle,-3.3499198,5.201825,52
m1127,winged_vehicle,-3.3238711,4.4835134,52
m1128,winged_vehicle,-5.5906687,4.6899953,52
m1129,winged_vehicle,-3.1854498,4.8156343,52
m1130,winged_vehicle,12.282222,-4.6307,52
m1131,winged_vehicle,-3.7548404,7.2509594,52
m1132,winged_vehicle,-3.4099386,6.859936,52
m1133,winged_vehicle,-3.7971785,4.5528526,52
m1134,winged_vehicle,-13.99991,-5.5882244,52
m1135,winged_vehicle,-7.1362925,0.88182676,52
m1136,winged_vehicle,-14.503301,-6.0198784,52
m1137,winged_vehicle,-7.048122,-7.851043,52
m1138,winged_vehicle,3.7332647,5.102872,52
m1139,winged_vehicle,11.538466,-10.797282,52
m1140,winged_vehicle,10.976813,-3.271136,52
m1141,winged_vehicle,-2.8808045,7.513941,52
m1142,winged_vehicle,7.921338,-13.448768,52
m1143,winged_vehicle,7.3281865,-12.599041,52
m1144,winged_vehicle,7.151064,-10.5197735,52
m1145,winged_vehicle,7.406496,-13.326631,52
m1789,handheld,-12.683054,-6.4858193,20
m1790,handheld,11.49421,14.381682,20
m1791,handheld,-12.562635,6.3665304,20
m1792,handheld,-20.295385,8.969615,20
m482,liquid_container,-5.1541977,-11.897205,27
m483,liquid_container,-19.558294,9.835697,27
m484,liquid_container,-19.619497,10.118094,27
m485,liquid_container,-6.7255764,-7.028498,27
m486,liquid_container,-19.586409,10.385417,27
m487,liquid_container,-20.18276,10.347885,27
m488,liquid_container,-18.89383,11.544809,27
m489,liquid_container,-20.453493,-4.6134486,27
m490,liquid_container,-4.052453,-11.455486,27
m491,liquid_container,-4.959429,-12.59001,27
m492,liquid_container,-19.43581,9.97303,27
m493,liquid_container,1.2085,-3.9558363,27
m283,head,15.064018,-1.7163059,22
m284,head,14.761693,-1.1931994,22
m285,head,14.77532,-0.8907226,22
m286,head,0.48288313,-5.56701,22
m287,head,-17.636059,2.6046689,22
m288,head,6.970446,1.711364,22
m289,head,9.339923,3.9470959,22
m1779,bridge,10.827656,-8.064413,4
m1780,bridge,-8.114598,-10.931073,4
m1781,bridge,-9.616907,-1.8476083,4
m1782,bridge,-19.654268,12.906384,4
m1783,bridge,5.7318826,-9.2129135,4
m1784,bridge,-21.05334,-3.3620887,4
m962,plant,17.58714,-12.413379,31
m963,plant,17.01086,-11.763509,31
m964,plant,14.636299,-11.611605,31
m965,plant,15.752258,-11.426898,31
m966,plant,15.556462,-11.478471,31
m1785,bridge,-21.154802,-2.9758399,4
m1786,bridge,-9.493784,-15.143041,4
m1787,bridge,-10.347886,-4.448244,4
m1788,bridge,-9.308147,-11.094115,4
m961,plant,14.924911,-8.455398,31
m967,plant,9.710207,-11.198386,31
m968,plant,14.490316,-10.461357,31
m969,plant,17.653326,-13.437791,31
m725,blade,-21.034224,-0.7677702,3
m726,blade,-19.872425,-0.4825035,3
m13,arthropod,-12.064881,-4.16572,0
m14,arthropod,-11.577667,3.622571,0
m15,arthropod,-12.05618,-5.9269433,0
m9,arthropod,-2.6295826,5.48906,0
m952,cabinet,8.4111185,11.8067,6
m727,blade,-19.995329,0.18268965,3
m728,blade,-19.709606,0.1008987,3
m10,arthropod,0.54048115,1.3261937,0
m11,arthropod,-13.218887,0.07009965,0
m12,arthropod,11.763553,-10.193549,0
m953,cabinet,-7.268332,9.060119,6
m954,cabinet,16.547295,6.6326895,6
m955,cabinet,7.494362,17.58045,6
m956,cabinet,17.708647,5.01193,6
m957,cabinet,-15.716383,10.601872,6
m384,building,11.31663,13.751804,5
m385,building,14.732907,6.1855617,5
m386,building,16.415195,11.572824,5
m387,building,2.8038468,3.317746,5
m388,building,14.846903,9.006369,5
m958,cabinet,-15.703422,10.4673,6
m959,cabinet,-19.642195,1.333588,6
m960,cabinet,-0.4632589,-4.1528506,6
m382,building,12.255246,10.023624,5
m383,building,17.25341,2.527386,5
m1598,chess_piece,-3.4975321,-12.1078205,8
m1599,chess_piece,-6.9709897,-12.409031,8
m1600,chess_piece,-4.4647136,-12.189774,8
m1601,chess_piece,6.934092,-0.3890447,8
m1602,chess_piece,-6.9015694,-11.360116,8
m1603,chess_piece,-4.338543,-12.021196,8
m1604,chess_piece,-8.900965,-4.388036,8
m1605,chess_piece,8.271503,-0.7433104,8
m1606,chess_piece,7.236121,-0.19762044,8
m1607,chess_piece,-5.697743,-11.990021,8
m1608,chess_piece,7.832213,0.32379824,8
m1609,chess_piece,-3.930629,-12.216672,8
m1610,chess_piece,7.496335,-0.4612565,8
m1611,chess_piece,-7.2393456,-11.953023,8
m1612,chess_piece,-4.4205294,-12.299119,8
m1613,chess_piece,-6.968764,-6.3894124,8
m1614,chess_piece,5.7451496,-1.9026136,8
m1589,handheld,12.15663,13.861618,20
m1590,handheld,13.654308,14.24017,20
m1591,handheld,13.804069,14.396433,20
m1592,handheld,9.618398,13.928629,20
m1593,handheld,13.281298,14.584077,20
m1594,handheld,12.953567,15.048627,20
m1595,handheld,13.00927,14.60748,20
m1596,handheld,0.752318,6.2611203,20
m1649,city,7.382594,8.140404,10
m1650,city,-4.2668233,4.926131,10
m1651,city,13.660364,14.303142,10
m1652,city,8.883558,-9.671262,10
m1653,city,14.179312,-13.314243,10
m1597,handheld,13.341872,-6.8704453,20
m1698,chest,10.469284,1.5981361,9
m1699,chest,11.08079,2.7898057,9
m1700,chest,8.527485,11.536847,9
m1701,chest,-16.568634,9.439203,9
m391,building,10.524109,3.9279165,5
m392,building,-9.970151,6.6119256,5
m1646,city,10.760336,13.742132,10
m1647,city,10.474058,-6.984373,10
m1648,city,0.6593263,-0.6640601,10
m1702,chest,-15.864852,10.34031,9
m1703,chest,17.591034,5.0007105,9
m1704,chest,17.089731,7.4060655,9
m389,building,17.805769,6.7139597,5
m390,building,8.267007,10.290734,5
m1654,city,9.713456,-8.466242,10
m1655,city,7.5185995,-4.3820243,10
m1656,city,-0.75722706,-0.19000022,10
m1657,city,-4.4202566,-9.506206,10
m1658,city,-4.127978,2.6284664,10
m1659,city,12.954215,13.808862,10
m1660,city,-0.2941785,-1.4953243,10
m1661,city,-12.758901,5.927178,10
m1662,city,-10.924934,14.765279,10
m1663,city,10.952794,7.9413815,10
m1664,city,10.837563,-6.3476877,10
m1665,city,11.479862,14.454619,10
m1146,winged_vehicle,-0.85038185,2.707635,52
m1147,winged_vehicle,-0.7238506,1.2170899,52
m1148,winged_vehicle,1.3552359,0.60439515,52
m1149,winged_vehicle,-4.3515234,1.664314,52
m1150,winged_vehicle,-2.6807559,-1.7647554,52
m1151,winged_vehicle,-1.6127764,3.9902418,52
m1152,winged_vehicle,-0.6084755,3.827856,52
m1153,winged_vehicle,-2.0912344,9.169629,52
m1154,winged_vehicle,-1.432072,9.293357,52
m1155,winged_vehicle,-2.7835326,-0.08849142,52
m1156,winged_vehicle,-3.1661916,6.354846,52
m1157,winged_vehicle,-2.6403887,0.022931017,52
m1158,winged_vehicle,4.205518,10.9925785,52
m560,display_device,18.747934,7.584313,12
m1079,plant,-4.3340898,-10.7118225,31
m1080,plant,10.619202,-13.734342,31
m1081,plant,10.64908,-13.752808,31
m1082,plant,-6.68854,-12.282409,31
m1159,winged_vehicle,-0.6328478,3.8713975,52
m1160,winged_vehicle,-3.8842106,6.432908,52
m1161,winged_vehicle,0.9585155,1.596731,52
m1162,winged_vehicle,-1.3433387,8.067656,52
m1163,winged_vehicle,-0.7172073,3.496017,52
m1083,plant,-12.057111,-8.468205,31
m1084,plant,9.906556,-13.483072,31
m1085,plant,-11.4710655,-8.852845,31
m1086,plant,11.642046,-13.708129,31
m1087,plant,10.602824,-13.806559,31
m1164,winged_vehicle,-2.363158,3.3442347,52
m1165,winged_vehicle,-1.2863102,1.896226,52
m1166,winged_vehicle,-19.81276,2.2704194,52
m548,display_device,15.637969,10.23109,12
m549,display_device,16.174885,5.1048512,12
m555,display_device,17.059656,11.336206,12
m556,display_device,19.241123,5.33357,12
m557,display_device,10.266677,0.1720876,12
m558,display_device,17.333715,5.9116044,12
m559,display_device,17.728039,7.8611536,12
m550,display_device,17.877943,3.2976367,12
m551,display_device,16.394268,10.5802355,12
m552,display_device,16.964489,8.739899,12
m553,display_device,17.321308,7.163835,12
m554,display_device,16.85176,8.383843,12
m1088,plant,10.984483,-13.530009,31
m829,seat,-3.7924206,-9.4431925,35
m830,seat,0.69465286,8.429722,35
m831,seat,3.1750748,-8.469438,35
m832,seat,1.9531395,7.946094,35
m833,seat,4.1120987,-2.8799753,35
m834,seat,5.030555,-0.2490516,35
m835,seat,1.9381254,8.204166,35
m836,seat,-12.450376,12.5560665,35
m837,seat,-12.637466,12.127668,35
m843,seat,-3.8944917,-4.943509,35
m1565,car,9.559644,9.512482,7
m1566,car,4.3828044,9.517583,7
m1567,car,13.115069,4.7499003,7
m1568,car,3.7956412,7.5302525,7
m838,seat,4.0561137,-2.3379347,35
m839,seat,-8.553902,9.432723,35
m840,seat,12.876856,-1.1913487,35
m841,seat,5.0946417,2.439344,35
m842,seat,-2.2116227,-9.48008,35
m1569,car,9.5612545,-5.3130007,7
m1768,display_device,17.631472,7.688942,12
m1769,display_device,16.249207,4.794754,12
m1770,display_device,14.756923,2.7672997,12
m1771,display_device,8.389561,2.1058168,12
m1772,display_device,16.06412,8.340438,12
m1773,display_device,13.272902,4.2318234,12
m1774,display_device,16.600687,8.606781,12
m1775,display_device,15.544936,8.504471,12
m1776,display_device,16.288773,9.121843,12
m1777,display_device,15.7743025,8.312319,12
m1778,display_device,15.701838,8.19675,12
m792,seat,11.579962,0.8641642,35
m793,seat,15.118775,3.4575872,35
m794,seat,14.086979,3.4529884,35
m800,seat,13.681613,0.8469396,35
m801,seat,6.598175,-4.4557366,35
m802,seat,6.7740073,10.624792,35
m803,seat,5.920721,11.249125,35
m804,seat,12.380385,6.496111,35
m795,seat,7.1133747,-3.6298656,35
m796,seat,13.658153,4.9928017,35
m797,seat,13.471564,2.3098838,35
m798,seat,14.461349,3.4931843,35
m799,seat,14.207468,3.3865378,35
m805,seat,14.042014,2.8741448,35
m806,seat,1.9666389,-8.818428,35
m603,lamp,0.6917909,4.7015104,26
m604,lamp,-1.1870923,0.45797926,26
m605,lamp,6.5982847,-2.1924806,26
m606,lamp,6.6740994,0.6597847,26
m607,lamp,5.6528277,6.8398747,26
m608,lamp,8.388866,0.054503586,26
m609,lamp,-4.298192,-9.020545,26
m610,lamp,4.2962575,4.648895,26
m611,lamp,-0.31676534,-2.5230422,26
m612,lamp,14.107092,7.5447316,26
m613,lamp,5.811716,3.0651164,26
m614,lamp,7.877889,5.4720745,26
m615,lamp,5.832922,3.2221923,26
m616,lamp,5.402391,6.8753605,26
m767,seat,11.237139,-1.5690924,35
m768,seat,8.898614,6.6394057,35
m769,seat,10.787008,9.232143,35
m770,seat,10.343123,6.566797,35
m771,seat,10.599764,6.68362,35
m772,seat,10.952025,6.974393,35
m773,seat,10.653511,7.1411586,35
m807,seat,6.794802,10.467162,35
m808,seat,13.6232195,1.9253507,35
m809,seat,-1.7501887,-10.280658,35
m810,seat,13.28539,1.7093359,35
m811,seat,13.529066,6.322035,35
m812,seat,13.375946,6.1544623,35
m813,seat,13.371303,2.9436073,35
m814,seat,14.276507,5.7228713,35
m815,seat,14.039282,4.717901,35
m816,seat,6.82876,10.408103,35
m817,seat,13.2800665,6.463644,35
m818,seat,15.011448,2.2687783,35
m819,seat,11.874976,0.99715704,35
m820,seat,14.938251,2.262624,35
m821,seat,13.250751,3.599112,35
m822,seat,13.324328,1.9966714,35
m823,seat,16.035225,3.645652,35
m824,seat,12.028279,1.6448808,35
m825,seat,-11.075688,5.25583,35
m826,seat,6.682459,10.6774645,35
m827,seat,13.264207,0.0719583,35
m828,seat,-10.951903,5.116275,35
m1346,balloon_vehicle,-6.073715,-5.836746,1
m1347,balloon_vehicle,-9.614858,-9.086532,1
m1348,balloon_vehicle,-9.127298,-6.160771,1
m1349,balloon_vehicle,-5.816435,-1.2038615,1
m1350,balloon_vehicle,-4.4134626,-7.281385,1
m1351,balloon_vehicle,-18.846968,11.978431,1
m1352,balloon_vehicle,-6.110883,-10.082239,1
m86,quadruped,-0.10171109,2.5362985,32
m87,quadruped,6.8232117,7.260138,32
m88,quadruped,0.63591886,-0.54080343,32
m89,quadruped,6.130718,7.7972693,32
m90,quadruped,2.7163148,-7.6785088,32
m91,quadruped,6.10113,7.304548,32
m92,quadruped,8.23872,4.1191864,32
m70,underwater_creature,-7.5146766,-7.4077353,50
m399,building,15.674802,13.523242,5
m400,building,15.706283,7.5718346,5
m401,building,-4.9479856,4.4042597,5
m402,building,15.406671,5.962133,5
m403,building,12.487573,9.87784,5
m71,underwater_creature,0.09769675,13.603109,50
m72,underwater_creature,-1.9077477,11.030295,50
m73,underwater_creature,1.2619115,5.9780746,50
m74,underwater_creature,1.3055309,-8.010618,50
m398,building,9.384942,10.894035,5
m409,building,3.732291,6.333219,5
m410,building,13.667916,10.612141,5
m1705,door,-12.916888,-8.076313,13
m1706,door,-14.432544,-8.086476,13
m1707,door,-18.388268,13.983239,13
m404,building,10.85646,3.0532608,5
m405,building,18.714788,6.8391204,5
m406,building,14.202417,-2.6724348,5
m407,building,8.75454,9.551996,5
m408,building,8.94617,10.973677,5
m1713,door,-18.71268,-7.702216,13
m1714,door,-18.548128,-0.6062196,13
m1715,door,-8.187535,-7.382153,13
m1716,door,-0.36661747,-1.1952641,13
m1717,door,-18.549898,-8.150304,13
m1708,door,-21.147642,8.276737,13
m1709,door,-19.978775,-3.9124284,13
m1710,door,-10.6342745,-2.0952847,13
m1711,door,-19.54269,-1.2771566,13
m1712,door,-18.144035,-1.2199246,13
m1718,door,-13.499381,0.39894897,13
m1719,door,-18.271252,-0.88515,13
m1720,door,-1.0649607,2.140117,13
m1721,door,-3.8788059,0.3228208,13
m1722,door,-3.2247593,-4.8285966,13
m1723,door,-13.8403,5.585354,13
m1724,door,-17.645775,-1.1450701,13
m1725,door,10.65477,13.469328,13
m1726,door,3.9029796,16.78006,13
m1727,door,-18.530107,-8.289787,13
m1625,dragon,5.8340297,-10.388263,14
m48,flying_creature,-18.05845,11.938172,16
m49,flying_creature,9.182727,2.909094,16
m50,flying_creature,-18.320707,8.4637785,16
m51,flying_creature,-18.925205,10.857215,16
m1728,door,8.002643,6.4323273,13
m1729,door,-19.249397,3.4748724,13
m1730,door,2.158855,1.5480982,13
m1731,door,10.790856,14.857899,13
m1732,door,-16.572397,5.5667067,13
m1620,dragon,9.797935,9.781985,14
m1621,dragon,-4.868338,4.2058206,14
m1622,dragon,15.028413,4.2260046,14
m1623,dragon,15.535795,3.6742964,14
m1624,dragon,1.203017,10.916821,14
m634,musical_instrument,-7.6840734,-6.720777,30
m635,musical_instrument,-7.622336,-5.76116,30
m636,musical_instrument,-9.961945,-2.5052989,30
m637,musical_instrument,-6.984354,-10.13416,30
m1353,winged_vehicle,1.0059868,-2.2912261,52
m52,flying_creature,4.9613013,4.5432253,16
m625,musical_instrument,-11.407516,-0.5591732,30
m626,musical_instrument,-7.9389615,-6.135537,30
m627,musical_instrument,-20.270437,-0.7981378,30
m628,musical_instrument,-8.339209,-6.3243656,30
m629,musical_instrument,-11.288887,-6.215943,30
m630,musical_instrument,-12.79406,-1.0057341,30
m631,musical_instrument,-4.0703964,-7.8387356,30
m632,musical_instrument,-7.551531,-9.90484,30
m633,musical_instrument,-10.371815,1.8806753,30
m1354,winged_vehicle,0.91313815,-2.383222,52
m1355,winged_vehicle,1.47509,-1.8775874,52
m1356,winged_vehicle,-0.6561479,8.042171,52
m1357,winged_vehicle,-3.3207436,2.54236,52
m1358,winged_vehicle,-6.2710857,1.657059,52
m1359,winged_vehicle,1.9525564,-1.9139,52
m1360,winged_vehicle,-5.750645,1.7272197,52
m1361,winged_vehicle,-2.4767594,1.972744,52
m1362,winged_vehicle,9.771225,-7.975077,52
m1363,winged_vehicle,-0.40053463,2.3442671,52
m1374,winged_vehicle,-7.1343493,0.091175474,52
m580,handheld,15.374034,10.021759,20
m581,handheld,5.3767877,13.98526,20
m582,handheld,6.038565,15.584893,20
m583,handheld,1.8586866,3.9080012,20
m1364,winged_vehicle,-0.85312355,7.257835,52
m1365,winged_vehicle,-0.98865634,11.649312,52
m1366,winged_vehicle,0.78464144,-2.4616525,52
m1367,winged_vehicle,-1.9449029,-3.928149,52
m1368,winged_vehicle,-2.434069,-2.6958523,52
m1369,winged_vehicle,-7.9251695,-1.0846431,52
m1370,winged_vehicle,-5.982914,1.8640451,52
m1371,winged_vehicle,-6.502883,1.9437885,52
m1372,winged_vehicle,0.61423975,0.71726966,52
m1373,winged_vehicle,0.9348427,-2.488437,52
m584,handheld,10.828162,10.126243,20
m585,handheld,6.0394626,15.522271,20
m586,handheld,7.2829323,4.2178946,20
m1298,winged_vehicle,0.23977442,-0.63360494,52
m1299,winged_vehicle,-1.0686855,11.754267,52
m1300,winged_vehicle,-2.1980727,1.6767147,52
m1301,winged_vehicle,-17.054775,0.33942086,52
m290,head,0.33574125,3.4730656,22
m291,head,-14.787787,11.647873,22
m292,head,-15.183231,11.725122,22
m298,head,-0.6490702,-5.5612946,22
m299,head,14.298236,9.202732,22
m300,head,7.835781,9.619837,22
m301,head,11.86638,-2.9294274,22
m302,head,12.958181,-3.7411919,22
m293,head,15.64685,0.30253345,22
m294,head,7.67268,9.618373,22
m295,head,0.55536324,-4.457368,22
m296,head,-14.912301,11.828837,22
m297,head,0.22997826,-3.790973,22
m303,head,14.952754,-4.165573,22
m304,head,6.5792475,5.382075,22
m305,head,-3.9883065,12.087264,22
m306,head,14.570612,2.7478247,22
m307,head,3.2186463,-8.383152,22
m308,head,13.3627825,-6.0263615,22
m309,head,4.1383653,-3.1974509,22
m310,head,8.484278,-3.141154,22
m311,head,-0.55280143,3.7456462,22
m312,head,8.493406,-3.0680854,22
m313,head,11.360445,-0.98918647,22
m314,head,9.228109,11.433593,22
m315,head,6.282417,3.9182365,22
m316,head,11.26499,-3.4987526,22
m317,head,16.546103,0.49033126,22
m318,head,-17.666515,11.320333,22
m319,head,11.587166,-2.6463172,22
m320,head,-0.5552097,-5.52644,22
m321,head,10.708617,-6.887247,22
m322,head,0.24387118,-3.7768996,22
m93,quadruped,5.501386,7.6195765,32
m95,quadruped,2.088198,6.7705293,32
m96,quadruped,3.6547897,-1.6668476,32
m97,quadruped,3.5445373,-1.3241749,32
m98,quadruped,0.31762546,-7.6349263,32
m1167,winged_vehicle,0.62977964,-0.08315046,52
m1168,winged_vehicle,-2.6352267,-2.126161,52
m1169,winged_vehicle,1.6583495,-0.67220867,52
m1170,winged_vehicle,-1.0793941,-3.1997347,52
m1171,winged_vehicle,-0.55793315,9.608942,52
m1172,winged_vehicle,-0.8924148,9.925272,52
m1173,winged_vehicle,-1.6526691,6.251133,52
m1174,winged_vehicle,-5.08666,-0.5144148,52
m1175,winged_vehicle,-2.2514868,8.881934,52
m1176,winged_vehicle,-3.963987,-0.66250974,52
m1182,winged_vehicle,-1.3145902,-0.9231798,52
m1183,winged_vehicle,-1.1680834,8.67816,52
m1184,winged_vehicle,-3.0399728,0.14909306,52
m1185,winged_vehicle,-6.463778,-2.1841419,52
m1186,winged_vehicle,-5.9313755,-1.6725559,52
m1177,winged_vehicle,-1.296443,4.0276117,52
m1178,winged_vehicle,-6.54265,-0.74848354,52
m1179,winged_vehicle,-5.08662,-1.9968619,52
m1180,winged_vehicle,-1.8499774,10.433225,52
m1181,winged_vehicle,-1.6374555,10.259416,52
m1187,winged_vehicle,-1.5778975,0.76486546,52
m1188,winged_vehicle,-3.1340137,1.896043,52
m1189,winged_vehicle,-2.871551,-0.50985426,52
m1190,winged_vehicle,-0.19282028,-3.5912921,52
m1191,winged_vehicle,-2.679876,3.2759764,52
m1192,winged_vehicle,-2.6849394,8.244091,52
m1193,winged_vehicle,-7.057814,-1.5148588,52
m1194,winged_vehicle,-2.3857846,9.180344,52
m1195,winged_vehicle,-2.864862,-0.65257454,52
m1196,winged_vehicle,0.19295137,0.6318166,52
m1197,winged_vehicle,-3.710248,0.73841274,52
m1198,winged_vehicle,-2.3443449,-1.9578073,52
m1199,winged_vehicle,-5.4703226,-1.5964521,52
m1200,winged_vehicle,-4.24978,-1.9134239,52
m1201,winged_vehicle,1.6612157,4.9548874,52
m1202,winged_vehicle,-3.2931848,-2.369712,52
m1203,winged_vehicle,-6.5865164,-10.331309,52
m1204,winged_vehicle,1.367818,0.60806435,52
m1205,winged_vehicle,-1.5776536,9.066946,52
m1206,winged_vehicle,0.67437834,9.700984,52
m1207,winged_vehicle,-6.5896173,-9.237006,52
m1208,winged_vehicle,-2.8546424,6.937784,52
m1209,winged_vehicle,-12.540222,5.4997663,52
m1210,winged_vehicle,-2.9342163,-0.24106644,52
m1211,winged_vehicle,-1.6021415,5.3589892,52
m1212,winged_vehicle,3.6654494,-11.953062,52
m1213,winged_vehicle,-5.1987357,-2.8383582,52
m1214,winged_vehicle,-6.6067777,-1.9960628,52
m1215,winged_vehicle,-2.0232587,-1.2819971,52
m1216,winged_vehicle,-4.1498446,-1.4110295,52
m1222,winged_vehicle,2.842236,1.965231,52
m1223,winged_vehicle,-1.7834653,1.2480916,52
m1224,winged_vehicle,-7.1124115,-2.0936637,52
m1225,winged_vehicle,-16.67382,0.3633786,52
m1226,winged_vehicle,-2.2488444,11.782134,52
m1217,winged_vehicle,-1.0996531,10.256261,52
m1218,winged_vehicle,-6.584493,0.120053016,52
m1219,winged_vehicle,-2.3122509,-1.0388949,52
m1220,winged_vehicle,-4.7398324,0.60146046,52
m1221,winged_vehicle,0.22089805,0.34533057,52
m1227,winged_vehicle,-19.739544,2.4029975,52
m1228,winged_vehicle,-6.4526124,0.77898246,52
m1229,winged_vehicle,2.8047934,-11.174764,52
m1230,winged_vehicle,-1.8335739,-8.764329,52
m1231,winged_vehicle,-3.5042768,1.6494235,52
m1232,winged_vehicle,-2.1756797,6.250025,52
m1233,winged_vehicle,-7.635218,-0.24314326,52
m1234,winged_vehicle,-0.61009824,0.6971704,52
m1235,winged_vehicle,-1.2019054,11.262679,52
m1236,winged_vehicle,-1.5152435,10.547241,52
m1237,winged_vehicle,-1.5099376,4.820768,52
m1238,winged_vehicle,-4.923112,-8.878467,52
m1239,winged_vehicle,-1.2282922,-1.1681457,52
m1240,winged_vehicle,-1.1303668,1.2466276,52
m1241,winged_vehicle,-2.2924745,-0.3619785,52
m1242,winged_vehicle,-1.1143955,12.059917,52
m1243,winged_vehicle,-1.6174417,10.067918,52
m1244,winged_vehicle,-3.0381603,-3.4035122,52
m1245,winged_vehicle,-5.8043833,7.2591767,52
m1246,winged_vehicle,-1.8922918,9.868604,52
m1247,winged_vehicle,-20.15703,1.4472378,52
m1248,winged_vehicle,4.651537,-4.7179203,52
m1249,winged_vehicle,4.5808563,-4.2907777,52
m1250,winged_vehicle,-1.3604826,3.934717,52
m1251,winged_vehicle,1.6485481,-0.5962025,52
m1252,winged_vehicle,-6.2352686,0.34574002,52
m1253,winged_vehicle,-3.7361293,-0.014034693,52
m1254,winged_vehicle,4.4029946,6.855807,52
m1255,winged_vehicle,-2.999984,-10.285037,52
m1256,winged_vehicle,-7.6115375,-8.520342,52
m1797,fireplace,16.02311,11.071841,15
m1798,fireplace,14.043465,10.008071,15
m1799,fireplace,-0.31629676,10.745628,15
m1800,fireplace,13.170557,9.474898,15
m1801,fireplace,11.015001,7.8895173,15
m1257,winged_vehicle,-8.090032,-1.5136555,52
m1258,winged_vehicle,1.385095,-0.26516536,52
m1259,winged_vehicle,1.6619616,4.9547405,52
m1260,winged_vehicle,-1.2836565,-7.699499,52
m1261,winged_vehicle,-4.047829,-0.72836274,52
m1262,winged_vehicle,-3.1247194,-2.3090098,52
m1263,winged_vehicle,-0.6711847,5.787967,52
m1264,winged_vehicle,-1.3287917,4.7931495,52
m1265,winged_vehicle,-6.8445735,-5.951077,52
m1266,winged_vehicle,-4.8888383,1.8239889,52
m1802,fireplace,12.046345,9.284819,15
m53,underwater_creature,-8.210014,-1.6430748,50
m54,underwater_creature,-8.532385,-2.690381,50
m55,underwater_creature,-9.066159,-5.52059,50
m56,underwater_creature,-6.051021,-8.491771,50
m57,underwater_creature,-9.73581,-7.173769,50
m58,underwater_creature,1.8832579,-7.3148046,50
m59,underwater_creature,-19.001144,11.901083,50
m60,underwater_creature,-2.0873032,-8.462431,50
m61,underwater_creature,-3.2372239,-7.121223,50
m62,underwater_creature,-15.299485,3.5132492,50
m63,underwater_creature,14.579946,1.445592,50
m64,underwater_creature,-11.806812,0.1339933,50
m65,underwater_creature,0.75862646,-4.93565,50
m66,underwater_creature,2.078496,12.868636,50
m67,underwater_creature,-5.269363,-9.280893,50
m68,underwater_creature,-7.7337103,-2.9836953,50
m69,underwater_creature,0.05855827,-9.071933,50
m970,plant,13.262264,-9.571153,31
m971,plant,14.747782,-9.76124,31
m972,plant,14.256725,-10.114021,31
m973,plant,15.922074,-9.312408,31
m974,plant,-0.56006545,-10.420042,31
m975,plant,-2.3818846,-3.0358908,31
m976,plant,13.717493,1.7773501,31
m977,plant,4.261646,-9.274373,31
m978,plant,12.080844,-11.731341,31
m979,plant,13.829931,-10.508196,31
m980,plant,0.8387531,-10.556823,31
m981,plant,-6.767176,-3.5234828,31
m982,plant,4.612008,-10.659713,31
m983,plant,16.437735,2.7814853,31
m984,plant,2.0565622,11.272647,31
m985,plant,10.033181,-10.063253,31
m986,plant,2.3154354,11.872961,31
m987,plant,3.727979,-10.373029,31
m988,plant,0.49165004,-10.586632,31
m34,flying_creature,-11.290862,-2.787464,16
m35,flying_creature,7.635121,9.406388,16
m36,flying_creature,16.123423,1.9022132,16
m47,flying_creature,-6.733937,3.2320879,16
m1375,winged_vehicle,2.198597,-5.8772674,52
m1376,winged_vehicle,-20.114538,10.188564,52
m1377,winged_vehicle,-9.809163,15.44266,52
m1378,winged_vehicle,-10.150969,14.708769,52
m37,flying_creature,-2.8922536,10.618022,16
m38,flying_creature,-10.735689,-8.077432,16
m39,flying_creature,-3.2833905,7.0020876,16
m40,flying_creature,1.0051987,13.551316,16
m41,flying_creature,-8.894704,-7.354424,16
m42,flying_creature,-11.515437,-3.842785,16
m43,flying_creature,1.3958956,1.9824915,16
m44,flying_creature,-0.015909081,12.542951,16
m45,flying_creature,-7.4985423,1.6897516,16
m46,flying_creature,-6.425667,3.2163801,16
m1379,winged_vehicle,-10.167719,14.5205345,52
m1380,winged_vehicle,-9.879854,14.259735,52
m1381,winged_vehicle,-7.9698343,14.227263,52
m1382,winged_vehicle,-10.313098,14.263815,52
m1383,winged_vehicle,-10.020185,14.163743,52
m1384,winged_vehicle,-15.328528,-0.3463212,52
m1385,winged_vehicle,-10.211326,14.641078,52
m1386,winged_vehicle,-9.69101,14.145316,52
m1387,winged_vehicle,-9.758231,14.176045,52
m393,building,10.925117,4.1023216,5
m394,building,17.378248,-6.6643424,5
m395,building,13.365094,7.424425,5
m396,building,20.277174,7.2348385,5
m397,building,9.742975,-0.62815404,5
m741,wheel,15.338127,7.0780983,51
m742,wheel,-14.618003,4.787945,51
m743,wheel,-14.736092,4.8216944,51
m744,wheel,-6.203002,5.708428,51
m745,wheel,-16.70464,15.353999,51
m746,wheel,-5.2759223,5.8093705,51
m747,wheel,-14.584802,4.8229146,51
m748,wheel,-14.3249035,5.259029,51
m749,wheel,-14.474036,4.972342,51
m1686,geographic_map,-14.5305195,-1.7538396,17
m1687,geographic_map,-15.551553,3.2855253,17
m1688,geographic_map,-15.048614,3.752995,17
m1689,geographic_map,-7.4610214,4.183532,17
m1690,geographic_map,-10.292306,2.879905,17
m1691,geographic_map,-14.592194,4.3825374,17
m1692,geographic_map,-15.433244,-10.719963,17
m1693,geographic_map,-14.542508,-8.36907,17
m1694,geographic_map,-15.627613,3.0307555,17
m1695,geographic_map,-18.430202,-0.1262025,17
m1696,geographic_map,-15.501374,-10.732811,17
m1697,geographic_map,-16.032671,2.4248831,17
m494,liquid_container,-8.831435,-4.7297006,27
m495,liquid_container,7.355799,0.8591556,27
m496,liquid_container,7.2999406,0.110402204,27
m497,liquid_container,-10.556757,-11.018273,27
m498,liquid_container,8.658888,0.084999144,27
m499,liquid_container,7.359584,0.14135748,27
m500,liquid_container,8.904851,-0.108907595,27
m501,liquid_container,8.190352,-0.47101068,27
m502,liquid_container,7.6152167,-0.45149484,27
m1267,winged_vehicle,-2.286102,2.3758974,52
m1268,winged_vehicle,-13.119326,1.3396295,52
m1269,winged_vehicle,-13.671313,0.75423384,52
m1270,winged_vehicle,-11.526995,-3.6580753,52
m1271,winged_vehicle,-8.3857,-9.746286,52
m1272,winged_vehicle,-4.7670913,3.559083,52
m1273,winged_vehicle,-14.039507,-5.5915914,52
m1274,winged_vehicle,-5.5210958,4.1678934,52
m1275,winged_vehicle,-13.614192,-5.7347426,52
m1276,winged_vehicle,-10.837108,-3.2722762,52
m1277,winged_vehicle,-13.544404,0.35737035,52
m1278,winged_vehicle,-14.662741,-6.9689794,52
m1279,winged_vehicle,-11.245545,-3.6811934,52
m1280,winged_vehicle,-11.71223,-3.7294638,52
m1281,winged_vehicle,-14.138304,-5.64214,52
m1282,winged_vehicle,-4.0170164,7.8774643,52
m1283,winged_vehicle,-14.251558,-6.171635,52
m1284,winged_vehicle,-11.133762,-8.113344,52
m1285,winged_vehicle,-10.851853,-8.500539,52
m1109,handheld,-2.8083818,1.0050212,20
m1110,handheld,-6.9678946,-2.0405693,20
m1111,handheld,-10.859381,-7.608938,20
m1112,handheld,-8.394581,-9.678738,20
m323,hand,-8.808699,0.46152118,19
m324,hand,-6.7131715,-6.3827043,19
m325,hand,-3.3905315,1.6996522,19
m326,hand,-1.6283507,-1.7370892,19
m327,hand,-15.200881,3.79425,19
m328,hand,-7.2244167,7.6821513,19
m329,hand,-7.669114,6.0898795,19
m330,hand,-7.4133596,-4.448679,19
m331,hand,-3.7298748,1.0290403,19
m332,hand,-17.18638,11.220133,19
m333,hand,13.237977,0.4816904,19
m334,hand,-11.284686,6.3787785,19
m335,hand,-20.325966,1.8530719,19
m649,gun,-16.88655,2.0039055,18
m650,handheld,-16.863434,1.6751461,20
m651,gun,-10.264851,4.0769033,18
m652,handheld,3.5374737,2.4834208,20
m653,gun,-2.584845,-3.5366428,18
m336,hand,-5.115083,1.2736783,19
m337,hand,-6.7609024,-3.173497,19
m338,hand,-3.1478257,-3.6765656,19
m339,hand,-9.136309,-2.1893842,19
m648,handheld,-2.107552,-0.04872418,20
m654,handheld,-19.176426,2.2226384,20
m655,gun,-17.43104,1.8459003,18
m656,handheld,-18.771904,2.3007233,20
m657,gun,-10.807049,4.025688,18
m658,handheld,-18.86495,2.3653393,20
m659,gun,-19.865406,-1.4099606,18
m660,handheld,-1.4093739,-2.8746362,20
m661,gun,-2.2178857,-2.5528078,18
m662,handheld,3.5860357,2.7542257,20
m663,gun,-2.5845356,1.0937968,18
m664,handheld,-18.805426,2.4444687,20
m665,gun,-16.607126,1.7604778,18
m666,handheld,-1.9350696,0.7785157,20
m667,gun,-20.45623,-0.6406936,18
m1626,hat,9.234958,2.8771746,21
m1627,hat,-21.216572,1.1878037,21
m1628,hat,15.936976,0.1452561,21
m1629,hat,-10.510438,12.278183,21
m1630,hat,-10.11737,11.553067,21
m1631,hat,10.187494,-7.343739,21
m340,head,15.745618,4.6530647,22
m341,head,2.1797736,-6.010583,22
m342,head,15.84627,-0.8040076,22
m343,head,16.338718,-1.0779424,22
m344,head,1.8598214,-4.8078065,22
m345,head,17.176592,5.9488335,22
m346,head,2.54111,-7.738101,22
m347,head,-8.701266,7.4831,22
m348,head,17.057472,0.053943604,22
m349,head,3.7494707,0.7553423,22
m350,head,4.9035206,1.5548308,22
m351,head,15.821669,-1.0831167,22
m352,head,6.7061577,2.0615253,22
m353,head,6.3502703,2.1765645,22
m354,head,2.0934515,-2.557804,22
m360,head,-5.53052,-15.85182,22
m361,head,10.420448,0.19585373,22
m362,head,-8.515704,7.526293,22
m363,head,16.946926,-0.407219,22
m364,head,12.91105,0.5089554,22
m355,head,-7.172925,8.631239,22
m356,head,15.788922,-1.1417155,22
m357,head,10.259307,0.74099684,22
m358,head,-8.68869,7.2018433,22
m359,head,8.642299,1.5248578,22
m365,head,2.6244562,-3.9981947,22
m366,head,4.5156713,-3.6696322,22
m367,head,2.0872653,-2.8451984,22
m368,head,1.4535222,-3.8667204,22
m369,head,15.661424,-1.3367634,22
m370,head,2.1955147,-5.4835277,22
m371,head,15.270619,1.3468403,22
m1302,helicopter,-0.17745958,13.004783,23
m1303,helicopter,0.40413907,6.9197164,23
m1304,helicopter,1.4363729,9.308431,23
m1305,helicopter,-4.685214,-8.209084,23
m1306,helicopter,4.1675935,-5.75195,23
m1307,helicopter,0.7597755,11.885003,23
m1308,helicopter,7.3339734,-11.950777,23
m1309,helicopter,4.3161674,-10.140457,23
m1310,helicopter,1.1238756,9.163783,23
m1311,helicopter,-2.9368787,3.2648854,23
m1312,helicopter,-2.234982,4.5538306,23
m1313,helicopter,-2.043568,6.6163497,23
m1314,helicopter,4.9236565,10.635349,23
m1315,helicopter,-14.475719,-5.3639994,23
m1316,helicopter,-1.0090593,12.547151,23
m1317,helicopter,-2.2727032,3.3303401,23
m1318,helicopter,-3.061869,8.134766,23
m1319,helicopter,-3.4339519,6.2596865,23
m1320,helicopter,2.0593884,6.4055505,23
m1321,helicopter,-0.08319751,13.031821,23
m1322,helicopter,7.5030994,-12.325958,23
m1323,helicopter,5.4173813,-10.6810255,23
m1324,helicopter,14.180316,-7.417995,23
m1330,helicopter,-8.760226,-14.343655,23
m1331,helicopter,0.5039243,-1.5545872,23
m1332,helicopter,1.9665365,11.324164,23
m1333,helicopter,-1.8307879,-3.8992844,23
m1334,helicopter,-2.891466,-8.668897,23
m1325,helicopter,6.8884945,-12.347651,23
m1326,helicopter,2.4074295,10.254081,23
m1327,helicopter,4.136118,-5.3214817,23
m1328,helicopter,7.2686296,-12.279945,23
m1329,helicopter,17.20768,0.554133,23
m1335,helicopter,-13.922222,11.910861,23
m1336,helicopter,-2.6634438,4.9059434,23
m1632,hat,-4.4012537,14.410922,21
m1633,hat,10.682667,3.6640866,21
m1634,hat,-10.009972,11.465044,21
m1635,hat,-7.9319916,12.513789,21
m1636,hat,9.9425,10.64641,21
m1637,hat,-10.091099,11.394637,21
m1638,hat,-9.870242,13.676693,21
m1639,hat,17.475178,2.6210504,21
m1640,hat,-12.5155735,8.149604,21
m1641,hat,12.974841,2.4949238,21
m103,quadruped,2.89076,-0.23239924,32
m104,quadruped,0.167778,7.8442454,32
m105,quadruped,8.197301,4.264497,32
m106,quadruped,-0.049661603,8.544656,32
m107,quadruped,-8.071851,4.5217376,32
m108,quadruped,4.203865,2.900948,32
m1337,balloon_vehicle,2.5666587,-4.2947936,1
m1338,balloon_vehicle,14.313179,1.1348083,1
m1339,balloon_vehicle,-3.75657,-12.668072,1
m1340,balloon_vehicle,-3.564444,-12.255497,1
m1341,balloon_vehicle,-2.0611336,-11.430954,1
m1342,balloon_vehicle,5.837551,-1.755122,1
m1343,balloon_vehicle,2.4557502,-4.3238974,1
m1344,balloon_vehicle,-4.3081274,-13.065518,1
m1345,balloon_vehicle,0.43717894,-6.155512,1
m592,handheld,6.8336573,-4.2305045,20
m593,handheld,6.2797904,6.326087,20
m594,handheld,7.319198,-1.2756075,20
m595,handheld,9.39099,-0.54695153,20
m596,handheld,19.71349,5.1607294,20
m597,handheld,18.549313,5.2557826,20
m118,human,-9.429638,-0.23650259,24
m119,human,-3.1796167,-9.466324,24
m120,human,-5.9815373,-9.744849,24
m121,human,-12.301195,-0.0036620426,24
m122,human,-1.9733361,-7.057243,24
m123,human,-7.098468,-9.408109,24
m124,human,-7.420195,-5.2378664,24
m130,human,-7.073395,-8.859718,24
m131,human,-2.3202066,-7.133764,24
m132,human,-3.1548047,-8.344886,24
m133,human,-7.515264,-10.271166,24
m134,human,-8.580259,-10.763652,24
m125,human,-7.4534016,-1.401225,24
m126,human,-5.3524942,-6.9632826,24
m127,human,-5.400679,-9.333847,24
m128,human,-6.370849,-2.6921208,24
m129,human,-5.7474356,-7.9473734,24
m135,human,-3.5086653,-8.9284935,24
m136,human,-2.5985296,-7.6097684,24
m137,human,-2.330711,-4.744466,24
m138,human,-3.0348024,-8.066873,24
m139,human,-10.618684,2.5499847,24
m140,human,-11.856886,1.2508132,24
m141,human,-1.5998453,-9.749323,24
m142,human,-1.7589474,-3.0863905,24
m143,human,-12.917681,-0.9677883,24
m144,human,-12.27184,-0.4087585,24
m145,human,-19.47927,2.1513045,24
m146,human,0.11354531,-7.8591743,24
m147,human,-3.6509721,-8.454706,24
m148,human,-1.2613488,-2.1710868,24
m149,human,-7.139193,-1.3019546,24
m150,human,-3.340886,-7.62197,24
m151,human,-4.0473957,-7.1020823,24
m152,human,-5.6272554,-7.744373,24
m153,human,-0.95689213,-10.445071,24
m154,human,-0.6574575,-9.388908,24
m155,human,-1.772228,-1.4374963,24
m156,human,-5.222072,-8.063552,24
m157,human,-2.423425,-6.002609,24
m158,human,-1.5948367,-5.3818727,24
m159,human,-5.2360525,-8.794659,24
m160,human,-1.4629585,-7.0905957,24
m161,human,-6.4851656,-9.2791,24
m162,human,-5.363857,-10.079526,24
m163,human,-2.9720483,-7.55534,24
m164,human,-6.8088613,-4.2164974,24
m165,human,-7.0822167,-8.441608,24
m166,human,-4.7217097,-7.302606,24
m167,human,2.8107173,-2.1027923,24
m168,human,-8.243564,-3.530246,24
m169,human,-6.152094,-2.2251694,24
m170,human,-6.7548313,-8.291906,24
m171,human,-12.914501,-0.5282481,24
m172,human,-3.015843,-6.67567,24
m173,human,-8.212648,-2.512371,24
m174,human,-5.621055,-6.710132,24
m175,human,-0.77309066,-9.421064,24
m176,human,-1.1907631,-2.364593,24
m177,human,-5.3706064,-5.7363358,24
m178,human,-2.0700798,-6.2662244,24
m179,human,-8.639369,-2.8929894,24
m180,human,-9.948581,-6.7250853,24
m181,human,2.228832,6.9238544,24
m182,human,-3.9072526,-7.7171516,24
m183,human,-1.0312849,5.1111813,24
m184,human,-6.5420294,-6.3994174,24
m185,human,0.67825943,-7.6860585,24
m186,human,-4.2207656,-8.406916,24
m187,human,9.523308,-3.7414594,24
m188,human,-7.2709455,-10.242632,24
m189,human,-7.915105,-8.08123,24
m190,human,5.064393,-2.363558,24
m191,human,-16.643816,0.39393452,24
m192,human,-8.203202,-1.3910235,24
m193,human,2.5395417,7.51666,24
m194,human,-2.0067058,-5.912707,24
m195,human,-19.209238,-0.34211507,24
m196,human,-12.061144,0.9815422,24
m197,human,-6.2371054,-7.3878746,24
m198,human,-11.155266,1.3693113,24
m199,human,-1.1461805,-4.2505727,24
m200,human,0.14703032,-8.165467,24
m201,human,-0.36784506,-0.35225236,24
m202,human,-7.808854,-4.782802,24
m203,human,-7.1650977,-0.96440095,24
m204,human,-8.169639,-0.82591945,24
m210,human,4.6227546,6.01095,24
m211,human,-20.169767,-2.278523,24
m212,human,-8.225936,0.40570438,24
m213,human,-2.113018,-6.653432,24
m214,human,-8.293352,-3.9618037,24
m215,human,-7.9094224,-4.839889,24
m216,human,-1.2838879,-7.8864713,24
m217,human,-1.5130825,-8.72096,24
m218,human,2.3520699,6.2850733,24
m219,human,-2.4328728,9.93442,24
m205,human,-5.77158,-9.50641,24
m206,human,-0.88208795,-8.904522,24
m207,human,4.1069713,-8.230455,24
m208,human,-4.677573,-8.318209,24
m209,human,-6.068307,-7.197255,24
m220,human,-19.508274,3.1406069,24
m221,human,-19.331589,3.145563,24
m222,human,0.6836368,3.6938767,24
m223,human,0.8879363,2.75757,24
m224,human,-0.5268233,1.5402539,24
m225,human,-1.9936702,7.9134445,24
m226,human,1.4442943,3.2932339,24
m227,human,-12.407261,4.1923685,24
m228,human,6.658549,5.559845,24
m229,human,-0.16796233,2.0925949,24
m230,human,0.24693266,1.7094481,24
m231,human,3.7652984,5.526277,24
m232,human,1.1924821,0.45947078,24
m233,human,-1.0094758,2.5766656,24
m234,human,-7.9989285,2.9837606,24
m235,human,1.0248667,2.8410096,24
m236,human,-1.1790415,9.14576,24
m237,human,-8.485974,3.309984,24
m238,human,-0.38049886,1.9729084,24
m239,human,-1.9027612,1.5427501,24
m240,human,-0.29551077,1.0592802,24
m241,human,2.3877048,4.7821455,24
m242,human,2.7469835,4.845578,24
m243,human,-1.7489107,7.812823,24
m244,human,-0.06862766,1.8993174,24
m245,human,0.67353743,1.9654142,24
m246,human,-0.5920153,8.805779,24
m247,human,-1.8372759,6.8340807,24
m248,human,0.1359233,3.678855,24
m249,human,1.5687201,-1.3559697,24
m250,human,-0.20678078,0.74335843,24
m251,human,-1.3659819,-0.074438885,24
m252,human,-1.3688675,3.0316746,24
m253,human,-0.32634258,0.21840203,24
m254,human,-0.084606975,1.1924706,24
m255,human,-8.202627,3.5841286,24
m256,human,7.145265,3.8136957,24
m257,human,4.6719785,7.919793,24
m258,human,-3.3836117,-0.3545856,24
m750,handheld,-19.490322,10.456836,20
m751,handheld,-7.225466,-13.650597,20
m752,handheld,-6.7164884,-13.124999,20
m753,handheld,-19.12739,11.339208,20
m754,handheld,-19.335413,9.675249,20
m755,handheld,-20.097675,10.337857,20
m756,handheld,-4.1614265,-11.328664,20
m757,handheld,6.589631,-0.66562295,20
m758,handheld,-19.493116,9.901482,20
m759,handheld,-19.502592,10.090479,20
m760,handheld,-10.518916,9.017406,20
m1493,car,8.6078005,-6.727108,7
m718,handheld,-11.105503,-6.9786243,20
m719,handheld,-20.770315,-1.5615661,20
m720,handheld,-20.293175,-2.0058684,20
m721,handheld,-11.539034,-9.730213,20
m761,handheld,1.8974928,-5.0979795,20
m1489,car,2.6008809,9.645532,7
m1490,car,-9.969284,3.442218,7
m1491,car,8.842127,-6.324061,7
m1492,car,8.193833,-6.4332294,7
m722,handheld,-10.4335575,-10.230875,20
m723,handheld,-13.403535,-1.0849679,20
m724,handheld,-20.793558,10.428347,20
m1642,ladder,-9.788627,-2.5517926,25
m1643,ladder,-22.148546,-1.73263,25
m1767,display_device,-14.335781,9.953954,12
m1453,sea_vessel,10.712145,-4.44885,34
m1454,sea_vessel,11.885309,-4.1323385,34
m1455,sea_vessel,1.4839954,0.057224683,34
m1456,sea_vessel,-18.340034,4.9788566,34
m1644,ladder,-10.072165,-5.820437,25
m1645,ladder,-4.1713686,-0.29785106,25
m1764,display_device,10.647696,11.38961,12
m1765,display_device,3.4346144,-3.0127642,12
m1766,display_device,15.711953,13.367333,12
m1457,sea_vessel,10.102416,-7.6745205,34
m1458,sea_vessel,11.452377,-5.970551,34
m468,building,2.8183622,5.6158004,5
m469,building,9.628861,8.312256,5
m470,building,-18.0716,3.4805205,5
m574,microchip,10.6895,9.410507,29
m575,microchip,-0.98796606,-15.062244,29
m576,microchip,-13.095343,-1.7939643,29
m577,microchip,2.4743168,0.6305792,29
m578,microchip,2.6676023,8.665272,29
m471,building,-9.384677,-3.679026,5
m472,building,-6.8543944,-11.751709,5
m514,mailbox,3.0435882,-1.1053604,28
m515,mailbox,2.5165737,-1.4826669,28
m516,mailbox,2.5928528,-0.53134054,28
m517,mailbox,-16.654783,-2.658315,28
m518,mailbox,-8.006161,-0.7699475,28
m519,mailbox,-1.0914142,-1.9070123,28
m520,mailbox,-17.411541,0.41611332,28
m573,microchip,-1.1453253,-15.260834,29
m591,handheld,2.7523062,7.115023,20
m1411,car,-18.258373,12.115313,7
m1412,car,2.1999063,-10.608863,7
m1413,car,9.573267,-2.3184085,7
m1414,car,11.800946,-8.601131,7
m579,microchip,-3.735555,3.8502922,29
m587,handheld,8.081839,7.7917633,20
m588,handheld,10.656777,6.290096,20
m589,handheld,11.701981,7.360905,20
m590,handheld,0.47551063,-8.602488,20
m1420,car,3.0414448,11.08977,7
m1421,car,5.928183,8.997971,7
m1422,car,3.394789,-4.9415016,7
m1423,car,10.61221,-9.186625,7
m1424,car,7.1607723,-4.895891,7
m1415,car,2.6700728,-9.930837,7
m1416,car,8.226188,-4.837013,7
m1417,car,12.328157,-8.057036,7
m1418,car,0.9435662,-4.9061527,7
m1419,car,-4.0131288,-5.013483,7
m1425,car,2.5217333,-9.739689,7
m1426,car,7.1081176,-5.6886797,7
m1560,car,14.212895,-1.6267468,7
m1561,car,7.351664,-3.6708407,7
m1562,car,15.8676605,-7.6036563,7
m1563,car,7.3659735,6.250162,7
m1564,car,9.132304,-5.912625,7
m1479,cycle,11.468312,-9.233717,11
m1480,cycle,7.499144,-8.733,11
m1481,cycle,2.167514,7.4437943,11
m1482,cycle,10.712981,-8.027138,11
m1483,cycle,7.2614055,-8.656694,11
m1484,cycle,0.93691343,-5.328569,11
m503,liquid_container,-11.564843,6.9640117,27
m504,liquid_container,9.333682,4.81139,27
m505,liquid_container,10.744173,4.8862643,27
m506,liquid_container,-12.309491,2.8090816,27
m507,liquid_container,8.943497,7.670865,27
m508,liquid_container,9.651156,4.6692758,27
m509,liquid_container,9.713537,4.748954,27
m477,building,-0.05211332,-10.104101,5
m478,building,9.986387,-10.247732,5
m479,building,0.9476869,-12.111164,5
m480,building,5.0249357,-2.9673164,5
m481,building,11.820801,12.822065,5
m1286,winged_vehicle,-11.653534,3.4945483,52
m1287,winged_vehicle,-11.2827835,-4.093153,52
m1288,winged_vehicle,-1.6601064,4.1401405,52
m1289,winged_vehicle,-1.0430105,4.2339735,52
m1290,winged_vehicle,-12.934753,-5.0405173,52
m1291,winged_vehicle,-4.0441,5.787865,52
m1292,winged_vehicle,-2.0489268,3.655391,52
m1666,handheld,11.356098,10.844939,20
m1667,handheld,-18.191101,5.465233,20
m1668,handheld,19.40337,2.2311578,20
m476,building,16.697369,3.8982544,5
m423,building,-16.67851,12.174516,5
m424,building,6.2844706,-7.6859393,5
m425,building,-18.412579,4.6976314,5
m426,building,11.710414,14.947901,5
m1669,handheld,15.496656,11.672656,20
m473,building,-9.025765,14.062754,5
m474,building,-13.1732435,7.5826516,5
m475,building,15.6502905,13.742592,5
m427,building,17.172552,8.025061,5
m428,building,1.9146363,0.62276024,5
m429,building,14.075746,12.316539,5
m430,building,12.151687,4.5600963,5
m431,building,-0.29409838,-1.32372,5
m432,building,1.4755591,1.5080057,5
m433,building,11.510352,14.222034,5
m434,building,7.8194,15.638497,5
m435,building,1.6046293,-7.0761266,5
m436,building,-4.883581,-5.6573052,5
m1090,plant,8.562905,-2.6302567,31
m1091,plant,15.986332,-8.381205,31
m1092,plant,15.694856,3.0971134,31
m1093,plant,10.402008,-1.8865328,31
m1094,plant,1.7728823,13.573902,31
m510,liquid_container,-0.41569826,5.1893473,27
m511,liquid_container,17.309599,5.849657,27
m512,liquid_container,17.792477,1.4920238,27
m513,liquid_container,-8.777357,13.333671,27
m1089,plant,4.7485514,-6.2809424,31
m1095,plant,17.635145,-13.020256,31
m1096,plant,12.446402,-2.1099923,31
m1097,plant,-15.433046,-10.716864,31
m1098,plant,17.409235,-12.164616,31
m1760,handheld,-12.088782,-11.8435755,20
m644,musical_instrument,12.735732,3.0320752,30
m645,musical_instrument,13.8969,4.5541334,30
m646,musical_instrument,12.54052,9.620551,30
m647,musical_instrument,11.408704,-0.8380271,30
m1494,car,-12.282491,2.2149389,7
m1761,handheld,0.2921585,-6.828972,20
m1762,handheld,-18.932816,8.144242,20
m1763,handheld,-19.103695,11.556325,20
m642,musical_instrument,16.561592,3.23487,30
m643,musical_instrument,14.05008,5.645461,30
m99,quadruped,0.18433654,11.208382,32
m1000,plant,17.734198,-13.230878,31
m1001,plant,15.280202,-11.091857,31
m1002,plant,17.67048,-10.155111,31
m1003,plant,18.399662,-12.35243,31
m1495,car,-4.139232,-4.1720343,7
m1496,car,-5.9362555,-5.0961905,7
m1497,car,-12.865651,1.8269523,7
m1498,car,-9.766494,-1.3163764,7
m1499,car,7.9748116,-4.805843,7
m1004,plant,17.424362,-11.118892,31
m1005,plant,16.816992,-13.060054,31
m1006,plant,17.150572,-12.398856,31
m1007,plant,18.173874,-10.398621,31
m1008,plant,17.11529,-10.207028,31
m1500,car,-11.988861,2.03291,7
m1501,car,3.238752,8.522772,7
m100,quadruped,1.2197789,-6.858738,32
m101,quadruped,4.643665,-1.8459563,32
m102,quadruped,-9.576622,5.493831,32
m1009,plant,14.842132,-10.6376095,31
m1010,plant,18.152782,-10.4217,31
m1011,plant,16.325974,-11.019751,31
m1012,plant,15.143893,-7.12978,31
m1013,plant,16.597342,-8.723232,31
m1014,plant,17.907272,-10.367111,31
m1015,plant,4.4196887,-9.425167,31
m1016,plant,12.266283,5.517631,31
m1017,plant,14.912316,-10.502599,31
m1018,plant,17.70624,-10.535863,31
m1019,plant,17.062237,-12.683713,31
m1020,plant,17.244541,-9.914788,31
m1021,plant,16.8051,-9.146523,31
m1022,plant,17.395212,-10.464531,31
m1023,plant,17.1049,-11.803625,31
m1024,plant,17.605309,-12.199315,31
m1025,plant,17.854109,-10.59252,31
m1026,plant,16.94412,-9.193868,31
m1027,plant,18.073395,-11.141715,31
m1028,plant,16.415817,-4.694893,31
m1039,plant,13.540399,-10.130189,31
m989,plant,14.999848,-5.1927977,31
m990,plant,13.341188,-4.321337,31
m991,plant,17.489838,-12.370555,31
m992,plant,5.2317414,11.433855,31
m1034,plant,5.331741,-12.048475,31
m1035,plant,9.483962,5.823673,31
m1036,plant,1.7723249,10.653163,31
m1037,plant,15.683908,-5.982976,31
m1038,plant,4.4960012,-14.353472,31
m993,plant,-2.7428265,-5.628701,31
m994,plant,15.416076,-5.8301682,31
m995,plant,12.898893,5.0063496,31
m996,plant,9.606461,-3.9572575,31
m997,plant,15.411105,-5.6167135,31
m1029,plant,11.353412,-5.5793014,31
m1030,plant,15.005222,-4.7709064,31
m1031,plant,11.272042,-4.3315935,31
m1032,plant,14.080211,3.9502985,31
m1033,plant,4.2372975,9.741033,31
m998,plant,5.178502,-11.31488,31
m999,plant,14.904415,-6.8256044,31
m109,quadruped,9.331129,3.5559456,32
m110,quadruped,2.763958,-0.10891097,32
m111,quadruped,6.4806337,11.2355385,32
m112,quadruped,9.139321,3.9466014,32
m1502,car,1.1771704,-12.132609,7
m1503,car,-0.2766501,-10.8919735,7
m1504,car,3.152753,7.4996214,7
m1505,car,-5.2002754,-10.238063,7
m1506,car,5.782803,-8.513444,7
m1507,car,1.9427906,-12.732089,7
m1508,car,1.3799791,-12.223736,7
m1509,car,8.894647,-7.2863364,7
m1510,car,3.0644257,7.129787,7
m1511,car,5.7653785,-7.5302086,7
m1512,car,-2.890975,-10.707871,7
m1513,car,7.4607873,-7.298242,7
m1514,car,0.16282357,-12.255765,7
m1515,car,-2.8682494,-10.780833,7
m875,table,3.5955698,9.563473,46
m876,table,14.974379,8.920324,46
m877,table,12.154705,12.67239,46
m878,table,16.333118,10.837399,46
m879,table,-8.862582,9.47012,46
m870,table,-14.724863,13.725621,46
m871,table,17.466356,4.7394485,46
m872,table,7.9404783,2.417159,46
m873,table,-12.515888,13.116517,46
m874,table,-17.085142,12.230355,46
m880,table,-14.99586,14.409505,46
m881,table,-19.189602,4.008274,46
m882,table,-5.8816814,13.984038,46
m883,table,16.4402,11.032131,46
m884,table,7.1754823,11.641538,46
m895,table,-4.5235033,12.888276,46
m896,table,20.16709,7.276636,46
m897,table,-19.59096,4.156585,46
m898,table,4.1633053,-6.5639524,46
m899,table,16.740105,11.644539,46
m890,table,12.033968,-0.020539332,46
m891,table,8.138186,3.0282931,46
m892,table,-0.26370135,13.970807,46
m893,table,17.065874,9.716074,46
m894,table,13.241688,12.976077,46
m885,table,12.547015,-1.9536154,46
m886,table,13.351649,-7.213416,46
m887,table,7.4105034,7.133257,46
m888,table,-15.399379,13.498321,46
m889,table,12.152337,-0.38030308,46
m905,table,16.663578,11.683461,46
m906,table,7.486299,8.337574,46
m907,table,8.027365,3.3194041,46
m908,table,4.139955,-6.6037908,46
m909,table,5.201369,0.39398086,46
m900,table,5.136141,13.073922,46
m901,table,16.40559,9.641068,46
m902,table,7.3017726,11.153511,46
m903,table,-9.991527,0.22152658,46
m904,table,1.2051512,8.322994,46
m910,table,7.0729446,12.594271,46
m911,table,5.354918,-0.19217218,46
m912,table,-13.21217,7.869991,46
m913,table,10.6315365,5.226665,46
m914,table,-5.523972,-3.715369,46
m915,table,-5.6259656,13.976241,46
m916,table,18.399672,10.315011,46
m917,table,-14.762128,14.161858,46
m918,table,-14.663534,13.895753,46
m919,table,16.03887,11.151855,46
m920,table,15.503981,10.806447,46
m668,gun,-20.934237,-1.8678052,18
m669,gun,-9.761838,-10.603125,18
m670,gun,-10.170046,-6.767592,18
m671,gun,-20.587961,-2.5759583,18
m677,gun,-19.841936,-2.4662092,18
m678,gun,-19.773308,-1.9937589,18
m679,gun,-20.467638,-1.286594,18
m680,gun,-10.780301,-10.925246,18
m681,gun,-20.413248,-1.9458731,18
m411,building,7.922902,12.006362,5
m412,building,5.607958,-12.521798,5
m413,building,17.289692,11.350153,5
m414,building,18.07532,8.84896,5
m415,building,13.451823,-3.1296825,5
m672,gun,-19.898987,-1.9186229,18
m673,gun,-0.6665727,-1.9372282,18
m674,gun,-11.609514,-10.780578,18
m675,gun,-11.776529,-11.230549,18
m676,gun,-7.1826077,-3.8647363,18
m682,gun,-9.083707,-6.722748,18
m683,gun,-9.968525,-3.5765488,18
m684,gun,-0.9658774,-7.0499387,18
m685,gun,-19.335709,-1.7454394,18
m686,gun,-9.062161,-6.6842136,18
m421,building,7.6312604,2.5057945,5
m422,building,13.771328,13.198806,5
m921,table,9.810045,2.6142764,46
m922,table,-7.888916,13.617009,46
m923,table,-6.8707576,14.092275,46
m416,building,6.897695,13.732489,5
m417,building,8.3448925,-4.580117,5
m418,building,17.71578,9.263292,5
m419,building,6.0902524,-2.7724793,5
m420,building,-7.023165,9.441812,5
m924,table,7.785028,-13.562875,46
m925,table,18.69857,-1.9143347,46
m926,table,18.690071,-2.2311697,46
m927,table,-8.799737,14.113336,46
m928,table,16.666428,3.7599065,46
m929,table,18.652857,-1.3331711,46
m930,table,7.4365306,0.38128647,46
m931,table,19.755514,4.8915014,46
m932,table,-6.5186043,14.29079,46
m1448,sea_vessel,-15.181705,3.615857,34
m1449,sea_vessel,-16.357496,4.5411816,34
m1450,sea_vessel,-1.5025779,4.918246,34
m1451,sea_vessel,-11.860887,3.4046843,34
m1452,sea_vessel,-11.150044,1.8082343,34
m1459,sea_vessel,11.310011,-4.6483293,34
m1390,winged_vehicle,-8.787987,-0.55119854,52
m1391,winged_vehicle,-6.173534,-4.358458,52
m1392,winged_vehicle,12.367784,-6.51109,52
m1393,winged_vehicle,1.0544748,10.657297,52
m1394,winged_vehicle,-1.845662,-12.459366,52
m1460,sea_vessel,19.35125,-6.1880875,34
m1461,sea_vessel,10.690344,-11.993323,34
m1462,sea_vessel,5.0367503,-9.689562,34
m1388,winged_vehicle,16.357075,2.7589703,52
m1389,winged_vehicle,10.573935,8.358394,52
m1811,satellite_dish,16.097795,1.7205683,33
m1812,satellite_dish,-18.495943,13.8716135,33
m1813,satellite_dish,10.370665,-6.886914,33
m1814,satellite_dish,17.699865,2.5318382,33
m763,table,10.244415,11.006014,46
m764,table,18.35303,-0.6478003,46
m765,table,12.391813,7.350483,46
m766,table,10.592145,2.5850756,46
m1113,handheld,-8.190883,-5.113581,20
m1114,handheld,-9.229304,-12.250768,20
m279,underwater_creature,-1.2344742,8.162469,50
m280,underwater_creature,-1.0182285,12.222819,50
m281,underwater_creature,-11.59728,3.1918797,50
m282,underwater_creature,9.41557,12.188472,50
m1516,car,-4.5952725,-4.9852076,7
m1115,handheld,-8.923461,-12.6838875,20
m1116,handheld,-9.514333,-9.606652,20
m1117,handheld,-20.282862,-1.1330023,20
m277,underwater_creature,-11.803512,2.8351836,50
m278,underwater_creature,-12.337626,5.641748,50
m1517,car,-3.965991,-6.197335,7
m1518,car,-5.0251126,-5.487587,7
m1519,car,-18.524534,12.10193,7
m1520,car,-18.38018,-8.555791,7
m1521,car,-1.3804017,-4.5129747,7
m1522,car,-9.910834,2.2945993,7
m1523,car,-3.8622901,12.294657,7
m1524,car,-4.28202,-6.2345514,7
m1525,car,2.2102134,9.059713,7
m1526,car,-17.235905,13.34127,7
m1527,car,-5.3043866,-5.065771,7
m1528,car,-17.34249,13.333773,7
m1529,car,-3.5230896,-6.305708,7
m1530,car,-3.9231746,-6.252331,7
m1531,car,-3.0774517,-6.164331,7
m1571,car,6.1147757,-5.333584,7
m1572,car,5.440937,-5.991677,7
m1573,car,0.93186444,-10.603014,7
m1574,car,11.766354,3.6541965,7
m1575,car,6.3920417,-5.5473776,7
m1532,car,-18.320696,12.020682,7
m1533,car,-7.336648,-2.5660172,7
m1534,car,-4.8937874,-4.2513227,7
m1535,car,-10.109194,2.1213648,7
m1570,car,3.5581987,7.209391,7
m1576,car,7.692238,-6.5769806,7
m75,underwater_creature,-7.5993485,-2.2569318,50
m76,underwater_creature,0.29924408,13.736382,50
m77,underwater_creature,2.2982173,13.1368475,50
m78,underwater_creature,1.0563664,-8.898427,50
m79,underwater_creature,-1.5852922,-11.196425,50
m80,underwater_creature,0.9096985,13.360957,50
m81,underwater_creature,-0.48869106,-7.5493875,50
m844,shelves,-17.731474,4.8594456,36
m845,shelves,-15.353586,5.542665,36
m846,shelves,2.9979105,1.0671016,36
m847,shelves,-15.371743,5.8836956,36
m848,shelves,7.8723044,13.033459,36
m849,shelves,-16.140661,5.6931067,36
m850,shelves,-17.600708,4.8858767,36
m851,shelves,-6.235309,5.843917,36
m852,shelves,-11.706206,6.801273,36
m853,shelves,-15.391201,5.5971856,36
m854,shelves,-13.882673,7.1408525,36
m855,shelves,-17.780752,5.373134,36
m856,shelves,-12.44757,15.438179,36
m857,shelves,-12.465642,15.444114,36
m858,shelves,-21.020947,8.527648,36
m859,shelves,9.675062,6.4228253,36
m860,shelves,2.6122563,3.2768934,36
m861,shelves,-14.014304,5.934504,36
m862,shelves,6.309049,12.836205,36
m863,shelves,2.6013322,1.4222503,36
m864,shelves,-11.105636,2.2453008,36
m865,shelves,8.265576,6.852632,36
m866,shelves,-13.864816,6.0106597,36
m867,shelves,-10.50196,-1.4245471,36
m868,shelves,-5.8248596,-11.461314,36
m869,shelves,9.359358,-6.609315,36
m1427,sea_vessel,-19.22552,12.786296,34
m1433,sea_vessel,-19.401123,13.248573,34
m1434,sea_vessel,-2.0591595,-4.5447154,34
m1435,sea_vessel,-2.8951287,-9.251717,34
m1436,sea_vessel,-21.198622,-2.2050207,34
m1437,sea_vessel,-7.9871197,-10.627319,34
m1428,sea_vessel,-19.665537,13.017274,34
m1429,sea_vessel,-19.416086,13.107748,34
m1430,sea_vessel,-21.34867,-2.2596428,34
m1431,sea_vessel,-8.727197,-8.18442,34
m1432,sea_vessel,-21.309862,-2.171101,34
m1443,sea_vessel,-20.89399,-1.8667011,34
m1444,sea_vessel,-6.2213817,0.22030373,34
m1445,sea_vessel,-19.864424,-1.842092,34
m1446,sea_vessel,-21.1565,-2.9675608,34
m1447,sea_vessel,-9.89332,-4.2374344,34
m1438,sea_vessel,-19.496593,12.506671,34
m1439,sea_vessel,-19.233934,-2.0356622,34
m1440,sea_vessel,-6.5712614,-9.113993,34
m1441,sea_vessel,-0.9266204,-5.9282317,34
m1442,sea_vessel,-19.142166,-2.2919278,34
m1740,shoe,-6.043506,9.518953,37
m1741,shoe,-18.907633,7.8845744,37
m1742,shoe,-5.198437,2.425939,37
m1743,shoe,-17.319027,12.092531,37
m1744,shoe,-17.986969,9.553043,37
m1745,shoe,-18.267584,3.3135376,37
m1746,shoe,-18.790474,9.80999,37
m1747,shoe,-0.62235105,-6.5577555,37
m1099,handheld,-20.224403,-0.02887409,20
m1100,handheld,-20.468397,-1.5008367,20
m1101,handheld,-18.855036,-2.2785888,20
m1102,handheld,-19.659956,-2.7406528,20
m1103,handheld,-12.585938,-10.945846,20
m1104,handheld,-18.6987,-2.3913863,20
m933,table,18.718721,-0.7398772,46
m934,table,15.720699,9.606058,46
m935,table,8.647916,8.837546,46
m936,table,18.688055,-0.6783625,46
m937,table,19.608404,4.964346,46
m938,table,8.022852,0.264504,46
m1807,sink,11.54682,13.90064,39
m1808,sink,9.256609,7.4654255,39
m1809,sink,-4.4756618,5.538527,39
m1810,sink,2.7309685,-6.6698327,39
m1615,handheld,-18.499287,13.870172,20
m1616,handheld,-2.7718792,-7.8989,20
m1617,handheld,-9.470627,-2.3805895,20
m1618,handheld,-20.33061,13.3076935,20
m1619,handheld,-20.52586,9.731463,20
m113,skeleton,-0.43232596,-12.208274,40
m114,skeleton,-0.27804628,-12.287828,40
m115,skeleton,9.007926,-8.262927,40
m116,skeleton,-0.19756608,-12.4375725,40
m117,skeleton,-0.6357526,-12.069672,40
m376,head,9.567712,1.4001803,22
m463,building,16.26716,6.042985,5
m464,building,7.360813,-6.7825513,5
m465,building,-5.336164,-7.26373,5
m466,building,11.599591,2.8689656,5
m467,building,-8.385417,-8.880001,5
m377,head,9.842945,0.60851127,22
m378,head,9.062669,0.7651711,22
m379,head,9.301845,0.63040763,22
m380,head,9.449705,1.0415304,22
m381,head,16.052013,9.234589,22
m1803,slot_machine,16.109371,8.9958,41
m1804,slot_machine,10.560938,1.7984954,41
m1805,slot_machine,8.014451,1.194359,41
m1806,slot_machine,11.339041,9.064626,41
m82,snake,-11.7014065,5.7635493,42
m83,snake,13.371206,4.1582594,42
m84,snake,-20.055147,12.516594,42
m85,snake,13.512483,0.4700171,42
m1754,snowman,4.8949013,4.192994,43
m1755,snowman,10.756045,3.809766,43
m1756,snowman,-4.1741943,-12.402837,43
m1757,snowman,-2.1325247,5.0708523,43
m1758,snowman,-6.326373,-13.411972,43
m1759,snowman,-0.038311712,5.323061,43
m1395,winged_vehicle,-0.14176653,6.3243346,52
m1396,winged_vehicle,4.70291,-4.2735043,52
m1397,winged_vehicle,4.414261,-1.5750288,52
m1398,winged_vehicle,2.7418299,13.296185,52
m1399,winged_vehicle,5.591926,1.7241755,52
m1400,winged_vehicle,5.187163,-4.384276,52
m16,arthropod,7.7915173,-10.9081955,0
m17,arthropod,-4.095302,-3.266622,0
m18,arthropod,11.158339,-4.1688385,0
m19,arthropod,6.4607706,-9.245376,0
m20,arthropod,5.227928,10.736281,0
m21,arthropod,10.784319,-1.2429574,0
m22,arthropod,3.0475237,4.3306623,0
m23,arthropod,1.9818149,9.655425,0
m24,arthropod,1.3410045,3.158857,0
m25,arthropod,4.5738683,10.72445,0
m1540,car,-17.454784,13.353976,7
m1541,car,2.2628806,-10.864806,7
m1542,car,-12.537437,1.8303096,7
m1543,car,3.0881488,-11.099101,7
m1544,car,1.2769597,7.086275,7
m26,arthropod,3.9416406,4.4512463,0
m1536,car,-20.111341,9.100351,7
m1537,car,0.5559909,-13.222328,7
m1538,car,-4.5539618,-6.0469184,7
m1539,car,-4.618861,-5.802544,7
m1545,car,-5.1601458,-4.9906545,7
m1546,car,5.4117017,-8.315401,7
m1547,car,-4.1791563,-5.847679,7
m1548,car,-4.2380495,-4.4656415,7
m1549,car,1.0173972,-13.34168,7
m1550,car,-0.74730724,-5.3628507,7
m1551,car,-9.285276,0.7006048,7
m1552,car,-4.730972,-6.400056,7
m1553,car,10.792763,-9.193873,7
m1554,car,2.5298495,-10.652232,7
m1733,staircase,9.574936,-3.4466894,44
m1734,staircase,-11.404457,-13.427964,44
m1735,staircase,14.166442,7.4609027,44
m1736,staircase,17.166405,-6.306491,44
m1737,staircase,-1.6263056,-16.084501,44
m1738,staircase,-19.41623,-3.4870942,44
m1739,staircase,16.51277,-7.5965786,44
m27,flying_creature,15.469135,5.452976,16
m28,flying_creature,1.1954228,-6.590262,16
m29,flying_creature,-20.57828,2.619409,16
m30,flying_creature,3.919888,-3.7545474,16
m31,flying_creature,2.190614,12.724275,16
m32,flying_creature,11.400235,0.5341261,16
m33,flying_creature,4.483779,11.227288,16
m1293,winged_vehicle,-11.4373665,-2.4729612,52
m1294,winged_vehicle,-10.008394,-0.44013658,52
m1295,winged_vehicle,-17.94473,-1.3356429,52
m1296,winged_vehicle,-18.520348,-0.63053405,52
m1297,winged_vehicle,-20.95512,10.674244,52
m785,seat,12.159856,1.686872,35
m786,seat,12.916361,6.2403665,35
m787,seat,13.400153,1.6687107,35
m788,seat,-5.571395,-0.7206731,35
m789,seat,3.6309533,9.437356,35
m790,seat,7.64784,10.83832,35
m791,seat,14.506742,4.6584735,35
m617,lamp,1.2755927,-9.62743,26
m618,lamp,-9.153271,-10.87222,26
m619,lamp,-10.108585,-11.716221,26
m620,lamp,-9.135658,-5.6830077,26
m621,lamp,-7.723303,-4.05183,26
m622,lamp,-10.108145,-9.176032,26
m623,lamp,-6.4896693,-11.2349,26
m624,lamp,-11.507912,-11.772788,26
m1670,sign,-7.7859793,-8.612838,38
m1671,sign,-12.927928,-10.092053,38
m1672,sign,-20.25882,0.19727473,38
m1673,sign,-12.422746,-10.169938,38
m1674,sign,-15.794793,2.820992,38
m1675,sign,-19.846123,-0.994368,38
m1681,sign,-12.859152,-0.08274841,38
m1463,sea_vessel,-9.6581545,-3.4415255,34
m1464,sea_vessel,-8.783743,-8.56594,34
m1465,sea_vessel,-8.812043,-8.120755,34
m1466,sea_vessel,-9.256284,-9.12738,34
m1676,sign,-9.453684,-7.3251324,38
m1677,sign,-9.557895,-9.403363,38
m1678,sign,-20.006426,11.924223,38
m1679,sign,-19.702908,12.528913,38
m1680,sign,-10.789434,-6.6769385,38
m1467,sea_vessel,-8.746082,-10.836272,34
m1468,sea_vessel,-8.50666,-12.008571,34
m1469,sea_vessel,-10.076644,-10.722149,34
m1470,sea_vessel,-9.815608,-4.0424404,34
m1471,sea_vessel,-1.8563006,-8.979918,34
m1794,swingset,9.589776,11.825541,45
m1795,swingset,9.645901,12.304823,45
m1796,swingset,5.4261837,0.33118606,45
m687,handheld,-10.314996,-9.537163,20
m688,blade,-9.531006,-11.143386,3
m1485,car,5.8007603,-5.089053,7
m1486,car,-5.9672565,-4.9055405,7
m1487,car,-4.616157,-3.3574612,7
m1488,car,9.8859825,-2.3577282,7
m1793,swingset,5.255504,14.530605,45
m689,handheld,-11.32202,-13.311249,20
m690,blade,-10.331517,-9.351729,3
m691,handheld,-10.90793,-8.556046,20
m692,blade,-9.873693,-10.64592,3
m693,handheld,-10.488764,-10.988507,20
m694,blade,-10.177023,-4.7910776,3
m695,handheld,-10.579213,-10.063368,20
m696,blade,-10.407117,-8.925322,3
m697,handheld,-18.697826,-3.1999066,20
m698,blade,-9.781862,-9.723905,3
m699,handheld,-10.075908,-10.785059,20
m700,blade,-10.605619,-9.412509,3
m701,handheld,-19.239641,-1.1806601,20
m702,blade,-10.48133,-11.170469,3
m703,handheld,-20.555134,-3.2042665,20
m709,handheld,-11.620768,-8.292375,20
m710,blade,-17.863646,-2.9609072,3
m711,handheld,-10.656936,-5.0399585,20
m712,blade,-19.385035,-3.0363255,3
m713,handheld,-10.06825,-10.857254,20
m714,blade,-18.657791,-3.1556168,3
m715,handheld,-10.341501,-8.862828,20
m716,blade,-10.950435,-10.258268,3
m717,handheld,-11.497395,-9.064576,20
m939,table,14.277111,-8.590296,46
m704,blade,-11.265749,-10.3747635,3
m705,handheld,-17.753021,-1.1219593,20
m706,blade,-21.004725,-0.93208206,3
m707,handheld,-12.476918,-9.279182,20
m708,blade,-11.893233,-0.9431683,3
m1041,plant,-10.733084,13.242779,31
m1042,plant,17.118238,-12.995049,31
m1043,plant,15.413764,-10.575994,31
m1044,plant,11.078676,-13.532008,31
m1045,plant,15.118368,-11.71577,31
m1046,plant,16.52557,-12.382778,31
m1047,plant,14.112618,-10.25409,31
m1048,plant,16.144764,-10.5537405,31
m1049,plant,-8.898696,-14.221113,31
m1050,plant,16.047543,-12.375599,31
m940,table,12.126163,10.366379,46
m941,table,13.499274,-5.4827976,46
m942,table,13.409156,-3.9724708,46
m943,table,12.05212,10.6124115,46
m521,liquid_container,9.637276,1.7342417,27
m522,liquid_container,-5.934376,-11.483788,27
m523,liquid_container,3.954198,-7.4660854,27
m524,liquid_container,7.3174744,-1.4208604,27
m525,liquid_container,0.2629098,-9.608894,27
m1401,winged_vehicle,9.337882,17.170288,52
m1051,plant,16.876501,-11.858923,31
m1052,plant,18.08526,-10.713561,31
m1053,plant,16.55375,-12.493328,31
m1054,plant,15.468568,-11.107777,31
m1055,plant,-9.0428505,-13.839246,31
m738,wheel,-9.422919,14.076221,51
m739,wheel,-14.696362,5.50818,51
m740,wheel,-8.778132,12.614185,51
m372,torso,-8.12742,-3.2928765,47
m373,torso,-17.360325,-2.6843321,47
m1402,winged_vehicle,9.369489,17.03538,52
m1403,winged_vehicle,7.3749957,-1.5650753,52
m1404,winged_vehicle,-4.60411,6.9751205,52
m1405,winged_vehicle,9.38855,16.940441,52
m737,wheel,8.175499,14.063923,51
m1585,car,8.371676,-6.9700036,7
m1586,car,7.499083,-5.744101,7
m1587,car,-13.584574,-3.4706273,7
m1588,car,-0.54286516,-13.281992,7
m1040,plant,10.874934,-13.60777,31
m1580,train,3.891955,12.699429,48
m1581,train,-9.826468,-7.8707204,48
m1582,train,-9.191767,-1.3271904,48
m1583,train,4.6099963,7.3497505,48
m1584,car,3.0235012,-8.472654,7
m374,torso,-17.254463,2.273866,47
m375,torso,-5.784944,-7.8327937,47
m1577,train,-1.4422662,-11.21751,48
m1578,train,-2.9412372,-8.721653,48
m1579,train,-5.0110383,-9.842949,48
m1056,plant,16.64464,-12.946021,31
m267,trex,-0.21284932,-4.8793817,49
m268,trex,-2.4097552,12.637022,49
m269,trex,1.495403,7.517425,49
m270,trex,13.515173,0.21055788,49
m564,display_device,9.68842,3.234217,12
m565,display_device,13.969664,12.362472,12
m566,display_device,1.0511194,4.0255404,12
m567,display_device,3.5965948,0.87109864,12
m568,display_device,8.145844,14.490164,12
m271,trex,-5.7153935,-2.5233881,49
m272,trex,0.709643,-8.786649,49
m561,display_device,-6.1094513,8.263749,12
m562,display_device,14.7591305,7.669768,12
m563,display_device,17.769495,9.14178,12
m438,building,-18.629608,4.0796723,5
m439,building,-13.322677,-4.166749,5
m440,building,6.0323253,9.924633,5
m441,building,12.791418,-5.2318172,5
m442,building,-13.321789,10.828333,5
m569,display_device,16.50663,8.795575,12
m570,display_device,10.370587,5.350513,12
m571,display_device,16.359617,6.32636,12
m572,display_device,9.571802,8.374625,12
m437,building,7.2137403,13.32415,5
m443,building,4.765385,-5.0817113,5
m444,building,5.3530817,8.531636,5
m445,building,11.984611,-3.7284286,5
m446,building,-2.2950425,-4.6747456,5
m447,building,3.9021828,8.424828,5
m453,building,16.386261,6.8659363,5
m454,building,5.876921,-3.5392385,5
m455,building,13.546521,1.732059,5
m456,building,12.174393,7.965505,5
m457,building,4.7546206,-5.036696,5
m448,building,16.964699,6.8692174,5
m449,building,4.481903,-0.3793108,5
m450,building,-5.508249,-6.300831,5
m451,building,2.5116186,-14.661301,5
m452,building,16.044163,6.9280024,5
m1748,handheld,18.9667,-0.090858586,20
m1749,handheld,16.247948,-3.5442815,20
m1750,handheld,-7.855538,13.46264,20
m1751,handheld,-8.987913,13.619517,20
m1752,handheld,16.141224,-3.7755132,20
m1753,handheld,16.163765,-3.6162744,20
m526,liquid_container,-7.1302776,8.299719,27
m527,liquid_container,9.629883,1.3762221,27
m528,liquid_container,4.567966,-2.810058,27
m529,liquid_container,-10.748205,7.3412986,27
m530,liquid_container,-19.585068,10.075882,27
m531,liquid_container,-12.968956,2.745472,27
m532,liquid_container,-7.5834336,-12.157004,27
m533,liquid_container,1.783976,-4.1273136,27
m534,liquid_container,-5.3565435,-14.034286,27
m535,liquid_container,7.2618604,-0.4624482,27
m536,liquid_container,-5.4095016,-13.221664,27
m537,liquid_container,-10.414621,5.3774247,27
m538,liquid_container,-8.009069,13.144954,27
m539,liquid_container,-4.5339603,-13.124372,27
m540,liquid_container,19.145617,5.323933,27
m541,liquid_container,-5.575542,-15.820985,27
m542,liquid_container,-12.173742,6.0280185,27
m543,liquid_container,-5.358897,-14.511681,27
m544,liquid_container,-16.84343,9.411569,27
m545,liquid_container,-10.014701,13.997524,27
m546,liquid_container,2.6009614,-3.7465477,27
m547,liquid_container,-9.191109,13.574692,27
m259,human,3.7228975,9.562745,24
m260,human,-1.3201904,-8.215967,24
m261,human,0.8377422,-8.915853,24
m262,human,-7.9522996,-2.1839995,24
m263,human,1.5997273,-8.2543125,24
m264,human,0.15118466,-8.799562,24
m265,human,3.4433243,-0.12432609,24
m266,human,4.261567,3.7111738,24
m598,handheld,3.9308443,1.8940822,20
m599,handheld,2.1763096,2.4457505,20
m600,handheld,2.2667139,3.7631512,20
m601,handheld,19.584187,8.938165,20
m602,handheld,-17.557646,15.348282,20
m733,wheel,-5.3298507,5.233006,51
m734,wheel,-10.317665,14.979272,51
m735,wheel,-16.56219,4.6554565,51
m736,wheel,-14.15458,5.573868,51
m1105,handheld,-19.601662,-1.8256882,20
m1106,handheld,-20.724318,-1.9882514,20
m1107,handheld,-11.5415945,-9.830727,20
m1108,handheld,-21.168009,-1.2352806,20
m1406,winged_vehicle,-14.816757,-6.9492664,52
m1407,winged_vehicle,0.6202535,4.438921,52
m1408,winged_vehicle,-0.17905353,4.396007,52
m1409,winged_vehicle,-0.36448428,4.4277725,52
m1410,winged_vehicle,0.18797593,4.6409316,52
